,datetime,gv_size,non_gv_size,tf_idf_size,f1_score,accuracy,precision,recall,TP,FP,TN,FN
0,2018-07-19T20:00:00,481.0,962.0,3769.0,0.3478260869565218,0.935064935064935,0.8,0.2222222222222222,848.0,1.0,0.0,75.0
1,2018-07-19T21:00:00,559.0,1118.0,4905.0,0.5714285714285714,0.9459459459459459,0.8,0.4444444444444444,1252.0,0.0,0.0,77.0
2,2018-07-19T22:00:00,691.0,1382.0,4814.0,0.3076923076923077,0.9181818181818182,1.0,0.18181818181818182,1239.0,0.0,1.0,76.0
3,2018-07-19T23:00:00,553.0,1106.0,4691.0,0.17391304347826084,0.9400630914826499,1.0,0.09523809523809523,1187.0,0.0,2.0,75.0
4,2018-07-20T00:00:00,1159.0,2318.0,4247.0,0.13793103448275862,0.9131944444444444,0.2857142857142857,0.09090909090909091,1050.0,1.0,2.0,97.0
5,2018-07-20T01:00:00,798.0,1596.0,4050.0,0.09090909090909091,0.924812030075188,0.3333333333333333,0.05263157894736842,977.0,0.0,3.0,80.0
6,2018-07-20T02:00:00,789.0,1578.0,4165.0,0.19354838709677416,0.9128919860627178,0.375,0.13043478260869565,1055.0,0.0,1.0,89.0
7,2018-07-20T03:00:00,1314.0,2628.0,4205.0,0.5128205128205129,0.9351535836177475,0.7142857142857143,0.4,1052.0,1.0,0.0,117.0
8,2018-07-20T04:00:00,799.0,1598.0,4015.0,0.17142857142857143,0.8913857677902621,0.42857142857142855,0.10714285714285714,986.0,0.0,0.0,78.0
9,2018-07-20T05:00:00,448.0,896.0,3500.0,0.23529411764705882,0.9429824561403509,1.0,0.13333333333333333,863.0,0.0,1.0,48.0
10,2018-07-20T06:00:00,340.0,680.0,3365.0,0.5000000000000001,0.9615384615384616,0.8,0.36363636363636365,777.0,0.0,0.0,55.0
11,2018-07-20T07:00:00,196.0,392.0,3197.0,0.33333333333333337,0.979381443298969,1.0,0.2,734.0,0.0,1.0,40.0
12,2018-07-20T08:00:00,166.0,332.0,3204.0,0.6153846153846153,0.9748743718592965,1.0,0.4444444444444444,749.0,3.0,0.0,41.0
13,2018-07-20T09:00:00,128.0,256.0,3082.0,0.36363636363636365,0.9606741573033708,0.6666666666666666,0.25,683.0,0.0,0.0,28.0
14,2018-07-20T10:00:00,102.0,204.0,3103.0,0.2222222222222222,0.96045197740113,1.0,0.125,684.0,0.0,1.0,19.0
15,2018-07-20T11:00:00,188.0,376.0,3289.0,0.19999999999999998,0.9572192513368984,1.0,0.1111111111111111,703.0,0.0,0.0,43.0
16,2018-07-20T12:00:00,310.0,620.0,3787.0,0.0,0.9298245614035088,0.0,0.0,865.0,0.0,0.0,46.0
17,2018-07-20T13:00:00,355.0,710.0,4121.0,0.3,0.9444444444444444,1.0,0.17647058823529413,949.0,0.0,1.0,58.0
18,2018-07-20T14:00:00,413.0,826.0,4616.0,0.2857142857142857,0.9352750809061489,1.0,0.16666666666666666,1140.0,0.0,1.0,93.0
19,2018-07-20T15:00:00,626.0,1252.0,4982.0,0.29411764705882354,0.927710843373494,0.8333333333333334,0.17857142857142858,1217.0,0.0,0.0,110.0
20,2018-07-20T16:00:00,588.0,1176.0,5138.0,0.4736842105263158,0.9416909620991254,0.9,0.32142857142857145,1268.0,0.0,1.0,103.0
21,2018-07-20T17:00:00,912.0,1824.0,5167.0,0.391304347826087,0.9206798866855525,0.6923076923076923,0.2727272727272727,1297.0,1.0,1.0,113.0
22,2018-07-20T18:00:00,881.0,1762.0,5225.0,0.4285714285714286,0.930635838150289,0.9,0.28125,1243.0,0.0,0.0,141.0
23,2018-07-20T19:00:00,829.0,1658.0,5072.0,0.2777777777777778,0.9230769230769231,0.5555555555555556,0.18518518518518517,1238.0,0.0,0.0,111.0
24,2018-07-20T20:00:00,944.0,1888.0,4771.0,0.42857142857142855,0.9507692307692308,0.6666666666666666,0.3157894736842105,1183.0,0.0,0.0,114.0
25,2018-07-20T21:00:00,701.0,1402.0,4806.0,0.42857142857142855,0.95,0.8571428571428571,0.2857142857142857,1180.0,0.0,0.0,96.0
26,2018-07-20T22:00:00,705.0,1410.0,4829.0,0.4210526315789473,0.9301587301587302,0.8,0.2857142857142857,1167.0,1.0,0.0,88.0
27,2018-07-20T23:00:00,1612.0,3224.0,4514.0,0.2777777777777778,0.9106529209621993,0.7142857142857143,0.1724137931034483,1046.0,0.0,2.0,115.0
28,2018-07-21T00:00:00,1585.0,3170.0,4372.0,0.2857142857142857,0.9125874125874126,1.0,0.16666666666666666,1047.0,0.0,2.0,93.0
29,2018-07-21T01:00:00,1428.0,2856.0,3963.0,0.5142857142857142,0.9330708661417323,0.5625,0.47368421052631576,913.0,0.0,2.0,100.0
30,2018-07-21T02:00:00,1382.0,2764.0,3817.0,0.29629629629629634,0.9224489795918367,1.0,0.17391304347826086,897.0,0.0,0.0,82.0
31,2018-07-21T03:00:00,1204.0,2408.0,3706.0,0.1111111111111111,0.936,1.0,0.058823529411764705,928.0,0.0,1.0,68.0
32,2018-07-21T04:00:00,1212.0,2424.0,3681.0,0.08695652173913042,0.9156626506024096,0.5,0.047619047619047616,942.0,0.0,4.0,46.0
33,2018-07-21T05:00:00,1045.0,2090.0,3479.0,0.0,0.9464285714285714,0.0,0.0,844.0,0.0,0.0,52.0
34,2018-07-21T06:00:00,834.0,1668.0,3159.0,0.0,0.9536082474226805,0.0,0.0,741.0,0.0,0.0,34.0
35,2018-07-21T07:00:00,564.0,1128.0,2806.0,0.0,0.96,0.0,0.0,679.0,0.0,0.0,17.0
36,2018-07-21T08:00:00,389.0,778.0,3066.0,0.0,0.9781420765027322,0.0,0.0,706.0,0.0,1.0,25.0
37,2018-07-21T09:00:00,316.0,632.0,2845.0,0.0,0.9570552147239264,0.0,0.0,635.0,0.0,0.0,17.0
38,2018-07-21T10:00:00,262.0,524.0,2615.0,0.2857142857142857,0.9662162162162162,1.0,0.16666666666666666,571.0,0.0,0.0,19.0
39,2018-07-21T11:00:00,300.0,600.0,3001.0,0.4,0.9647058823529412,0.6666666666666666,0.2857142857142857,644.0,0.0,0.0,36.0
40,2018-07-21T12:00:00,439.0,878.0,3361.0,0.6666666666666666,0.9846153846153847,1.0,0.5,736.0,0.0,0.0,42.0
41,2018-07-21T13:00:00,690.0,1380.0,3731.0,0.23529411764705882,0.9427312775330396,0.4,0.16666666666666666,837.0,0.0,0.0,71.0
42,2018-07-21T14:00:00,902.0,1804.0,3983.0,0.2857142857142857,0.9427480916030534,0.6,0.1875,970.0,0.0,1.0,73.0
43,2018-07-21T15:00:00,1179.0,2358.0,4464.0,0.08695652173913045,0.925531914893617,0.3333333333333333,0.05,1045.0,0.0,1.0,80.0
44,2018-07-21T16:00:00,1121.0,2242.0,4546.0,0.24,0.9368770764119602,0.6,0.15,1108.0,0.0,3.0,89.0
45,2018-07-21T17:00:00,1171.0,2342.0,4568.0,0.5294117647058824,0.9471947194719472,1.0,0.36,1111.0,0.0,0.0,100.0
46,2018-07-21T18:00:00,1119.0,2238.0,4238.0,0.3846153846153846,0.9452054794520548,0.7142857142857143,0.2631578947368421,1058.0,0.0,1.0,106.0
47,2018-07-21T19:00:00,1325.0,2650.0,4580.0,0.2,0.946843853820598,0.6666666666666666,0.11764705882352941,1117.0,0.0,1.0,85.0
48,2018-07-21T20:00:00,1100.0,2200.0,4233.0,0.4,0.9263157894736842,1.0,0.25,1052.0,0.0,0.0,87.0
49,2018-07-21T21:00:00,920.0,1840.0,4274.0,0.2608695652173913,0.9388489208633094,0.6,0.16666666666666666,1036.0,0.0,0.0,76.0
50,2018-07-21T22:00:00,903.0,1806.0,4160.0,0.4,0.9562043795620438,1.0,0.25,992.0,1.0,0.0,100.0
51,2018-07-21T23:00:00,893.0,1786.0,3955.0,0.5384615384615384,0.9525691699604744,0.7777777777777778,0.4117647058823529,926.0,0.0,0.0,86.0
52,2018-07-22T00:00:00,958.0,1916.0,3594.0,0.4615384615384615,0.9416666666666667,1.0,0.3,876.0,0.0,0.0,81.0
53,2018-07-22T01:00:00,1786.0,3572.0,3907.0,0.5915492957746479,0.8909774436090225,0.8076923076923077,0.4666666666666667,883.0,0.0,0.0,181.0
54,2018-07-22T02:00:00,2074.0,4148.0,4163.0,0.5,0.8428571428571429,0.7857142857142857,0.36666666666666664,918.0,0.0,1.0,198.0
55,2018-07-22T03:00:00,2911.0,5822.0,3806.0,0.5301204819277109,0.8539325842696629,0.7857142857142857,0.4,899.0,0.0,1.0,168.0
56,2018-07-22T04:00:00,2053.0,4106.0,3889.0,0.5,0.8692307692307693,0.8095238095238095,0.3617021276595745,904.0,0.0,1.0,131.0
57,2018-07-22T05:00:00,1937.0,3874.0,3849.0,0.608695652173913,0.9282868525896414,0.8235294117647058,0.4827586206896552,873.0,0.0,0.0,130.0
58,2018-07-22T06:00:00,1648.0,3296.0,3269.0,0.39999999999999997,0.9154929577464789,0.75,0.2727272727272727,752.0,0.0,1.0,97.0
59,2018-07-22T07:00:00,1024.0,2048.0,2959.0,0.7000000000000001,0.967391304347826,1.0,0.5384615384615384,682.0,0.0,0.0,53.0
60,2018-07-22T08:00:00,704.0,1408.0,3035.0,0.33333333333333337,0.9344262295081968,1.0,0.2,679.0,0.0,0.0,49.0
61,2018-07-22T09:00:00,533.0,1066.0,2929.0,0.26666666666666666,0.9325153374233128,0.6666666666666666,0.16666666666666666,611.0,0.0,0.0,39.0
62,2018-07-22T10:00:00,478.0,956.0,2655.0,0.16666666666666669,0.9342105263157895,1.0,0.09090909090909091,577.0,0.0,0.0,30.0
63,2018-07-22T11:00:00,704.0,1408.0,2963.0,0.2857142857142857,0.9411764705882353,0.4,0.2222222222222222,648.0,0.0,0.0,31.0
64,2018-07-22T12:00:00,1179.0,2358.0,3075.0,0.5,0.9162303664921466,0.5714285714285714,0.4444444444444444,681.0,0.0,0.0,80.0
65,2018-07-22T13:00:00,1546.0,3092.0,3634.0,0.3076923076923077,0.9174311926605505,0.8,0.19047619047619047,782.0,0.0,1.0,88.0
66,2018-07-22T14:00:00,1486.0,2972.0,3929.0,0.25641025641025644,0.8862745098039215,0.7142857142857143,0.15625,906.0,0.0,0.0,114.0
67,2018-07-22T15:00:00,1708.0,3416.0,4476.0,0.30303030303030304,0.9206896551724137,1.0,0.17857142857142858,1019.0,1.0,0.0,137.0
68,2018-07-22T16:00:00,1689.0,3378.0,4574.0,0.43749999999999994,0.8849840255591054,0.6363636363636364,0.3333333333333333,1115.0,0.0,0.0,134.0
69,2018-07-22T17:00:00,1567.0,3134.0,4676.0,0.44000000000000006,0.910828025477707,1.0,0.28205128205128205,1133.0,0.0,1.0,120.0
70,2018-07-22T18:00:00,1703.0,3406.0,4688.0,0.2926829268292683,0.9088050314465409,0.75,0.18181818181818182,1130.0,1.0,0.0,139.0
71,2018-07-22T19:00:00,1333.0,2666.0,4398.0,0.31372549019607837,0.8841059602649006,0.6666666666666666,0.20512820512820512,1073.0,2.0,1.0,129.0
72,2018-07-22T20:00:00,1168.0,2336.0,4415.0,0.3157894736842105,0.910958904109589,0.6,0.21428571428571427,1063.0,0.0,3.0,101.0
73,2018-07-22T21:00:00,1086.0,2172.0,4458.0,0.14814814814814814,0.9204152249134948,1.0,0.08,1078.0,0.0,1.0,76.0
74,2018-07-22T22:00:00,889.0,1778.0,4224.0,0.41379310344827586,0.9388489208633094,0.8571428571428571,0.2727272727272727,1022.0,0.0,0.0,86.0
75,2018-07-22T23:00:00,991.0,1982.0,4081.0,0.24999999999999997,0.9330855018587361,0.75,0.15,991.0,0.0,4.0,81.0
76,2018-07-23T00:00:00,828.0,1656.0,3844.0,0.1111111111111111,0.9384615384615385,0.3333333333333333,0.06666666666666667,953.0,0.0,2.0,85.0
77,2018-07-23T01:00:00,781.0,1562.0,3746.0,0.3478260869565218,0.9411764705882353,0.8,0.2222222222222222,942.0,0.0,0.0,75.0
78,2018-07-23T02:00:00,690.0,1380.0,3945.0,0.08,0.9132075471698113,0.3333333333333333,0.045454545454545456,995.0,0.0,1.0,60.0
79,2018-07-23T03:00:00,769.0,1538.0,4060.0,0.5238095238095238,0.9288256227758007,0.8461538461538461,0.3793103448275862,990.0,0.0,1.0,130.0
80,2018-07-23T04:00:00,1745.0,3490.0,4084.0,0.7575757575757576,0.8554216867469879,0.8152173913043478,0.7075471698113207,962.0,2.0,0.0,361.0
81,2018-07-23T05:00:00,1402.0,2804.0,4076.0,0.7152317880794702,0.86084142394822,0.8852459016393442,0.6,883.0,0.0,1.0,348.0
82,2018-07-23T06:00:00,909.0,1818.0,3705.0,0.6341463414634146,0.8850574712643678,0.896551724137931,0.49056603773584906,827.0,0.0,1.0,212.0
83,2018-07-23T07:00:00,495.0,990.0,3276.0,0.5714285714285714,0.9282296650717703,0.7142857142857143,0.47619047619047616,728.0,0.0,1.0,106.0
84,2018-07-23T08:00:00,306.0,612.0,3219.0,0.4347826086956522,0.9312169312169312,0.8333333333333334,0.29411764705882354,692.0,0.0,0.0,60.0
85,2018-07-23T09:00:00,288.0,576.0,3137.0,0.5806451612903225,0.9297297297297298,0.9,0.42857142857142855,685.0,0.0,0.0,55.0
86,2018-07-23T10:00:00,347.0,694.0,3232.0,0.75,0.9696969696969697,0.9,0.6428571428571429,712.0,0.0,1.0,78.0
87,2018-07-23T11:00:00,453.0,906.0,3515.0,0.6222222222222222,0.9205607476635514,1.0,0.45161290322580644,735.0,0.0,0.0,118.0
88,2018-07-23T12:00:00,739.0,1478.0,4002.0,0.627906976744186,0.8745098039215686,0.8181818181818182,0.5094339622641509,824.0,0.0,0.0,192.0
89,2018-07-23T13:00:00,971.0,1942.0,4560.0,0.6915887850467289,0.890728476821192,0.8409090909090909,0.5873015873015873,938.0,0.0,0.0,267.0
90,2018-07-23T14:00:00,1381.0,2762.0,4870.0,0.7656250000000001,0.9104477611940298,0.8305084745762712,0.7101449275362319,1068.0,0.0,2.0,269.0
91,2018-07-23T15:00:00,1425.0,2850.0,5399.0,0.6666666666666667,0.8856382978723404,0.8431372549019608,0.5512820512820513,1180.0,0.0,0.0,322.0
92,2018-07-23T16:00:00,1492.0,2984.0,5398.0,0.6805555555555556,0.8798955613577023,0.8596491228070176,0.5632183908045977,1228.0,2.0,0.0,300.0
93,2018-07-23T17:00:00,1271.0,2542.0,5419.0,0.6557377049180328,0.8888888888888888,0.8333333333333334,0.5405405405405406,1205.0,2.0,1.0,301.0
94,2018-07-23T18:00:00,1167.0,2334.0,5538.0,0.5794392523364487,0.8812664907651715,0.8157894736842105,0.4492753623188406,1227.0,0.0,2.0,283.0
95,2018-07-23T19:00:00,1152.0,2304.0,5239.0,0.5952380952380952,0.90633608815427,0.8333333333333334,0.46296296296296297,1221.0,2.0,0.0,225.0
96,2018-07-23T20:00:00,926.0,1852.0,5137.0,0.5625,0.8820224719101124,0.8181818181818182,0.42857142857142855,1219.0,1.0,1.0,201.0
97,2018-07-23T21:00:00,940.0,1880.0,5176.0,0.6333333333333333,0.9376770538243626,0.8260869565217391,0.5135135135135135,1196.0,0.0,2.0,212.0
98,2018-07-23T22:00:00,821.0,1642.0,4776.0,0.410958904109589,0.8708708708708709,0.6521739130434783,0.3,1149.0,0.0,2.0,178.0
99,2018-07-23T23:00:00,1176.0,2352.0,4661.0,0.5833333333333334,0.908256880733945,0.7777777777777778,0.4666666666666667,1100.0,0.0,0.0,204.0
100,2018-07-24T00:00:00,1596.0,3192.0,4647.0,0.5909090909090909,0.8846153846153846,0.8666666666666667,0.4482758620689655,1026.0,0.0,0.0,221.0
101,2018-07-24T01:00:00,1242.0,2484.0,4529.0,0.42622950819672134,0.8888888888888888,0.7647058823529411,0.29545454545454547,1102.0,2.0,0.0,154.0
102,2018-07-24T02:00:00,1066.0,2132.0,4320.0,0.45454545454545453,0.9180887372013652,0.7692307692307693,0.3225806451612903,1020.0,0.0,3.0,147.0
103,2018-07-24T03:00:00,897.0,1794.0,4489.0,0.425531914893617,0.9114754098360656,0.6666666666666666,0.3125,1056.0,0.0,1.0,163.0
104,2018-07-24T04:00:00,729.0,1458.0,3971.0,0.48648648648648646,0.9298892988929889,0.6923076923076923,0.375,959.0,1.0,0.0,123.0
105,2018-07-24T05:00:00,520.0,1040.0,3597.0,0.5405405405405406,0.9288702928870293,0.8333333333333334,0.4,863.0,0.0,0.0,92.0
106,2018-07-24T06:00:00,322.0,644.0,3297.0,0.13333333333333333,0.9346733668341709,1.0,0.07142857142857142,732.0,0.0,0.0,62.0
107,2018-07-24T07:00:00,229.0,458.0,3237.0,0.13333333333333333,0.9319371727748691,1.0,0.07142857142857142,724.0,0.0,0.0,40.0
108,2018-07-24T08:00:00,164.0,328.0,3086.0,0.15384615384615385,0.9382022471910112,1.0,0.08333333333333333,682.0,0.0,1.0,27.0
109,2018-07-24T09:00:00,134.0,268.0,3057.0,0.0,0.96,0.0,0.0,663.0,0.0,0.0,34.0
110,2018-07-24T10:00:00,146.0,292.0,2955.0,0.0,0.9767441860465116,0.0,0.0,648.0,0.0,1.0,35.0
111,2018-07-24T11:00:00,315.0,630.0,3493.0,0.3,0.9296482412060302,0.75,0.1875,731.0,0.0,0.0,61.0
112,2018-07-24T12:00:00,402.0,804.0,3812.0,0.24242424242424243,0.8903508771929824,0.4444444444444444,0.16666666666666666,815.0,1.0,0.0,93.0
113,2018-07-24T13:00:00,500.0,1000.0,4349.0,0.5490196078431373,0.9157509157509157,0.875,0.4,960.0,0.0,1.0,130.0
114,2018-07-24T14:00:00,814.0,1628.0,4847.0,0.45283018867924524,0.9090909090909091,0.7058823529411765,0.3333333333333333,1103.0,0.0,0.0,171.0
115,2018-07-24T15:00:00,790.0,1580.0,5128.0,0.5517241379310345,0.9239766081871345,0.7272727272727273,0.4444444444444444,1185.0,1.0,0.0,179.0
116,2018-07-24T16:00:00,787.0,1574.0,5255.0,0.5283018867924528,0.9293785310734464,0.8235294117647058,0.3888888888888889,1211.0,1.0,0.0,202.0
117,2018-07-24T17:00:00,889.0,1778.0,5359.0,0.4814814814814815,0.9249329758713136,0.7222222222222222,0.3611111111111111,1286.0,0.0,3.0,203.0
118,2018-07-24T18:00:00,1088.0,2176.0,5489.0,0.5142857142857143,0.9095744680851063,0.9,0.36,1316.0,2.0,1.0,181.0
119,2018-07-24T19:00:00,716.0,1432.0,5121.0,0.3773584905660377,0.9040697674418605,0.7142857142857143,0.2564102564102564,1238.0,0.0,2.0,135.0
120,2018-07-24T20:00:00,638.0,1276.0,5326.0,0.5090909090909091,0.9241573033707865,0.9333333333333333,0.35,1283.0,0.0,1.0,136.0
121,2018-07-24T21:00:00,777.0,1554.0,5124.0,0.5977011494252874,0.9056603773584906,0.7647058823529411,0.49056603773584906,1324.0,1.0,2.0,157.0
122,2018-07-24T22:00:00,917.0,1834.0,4887.0,0.41935483870967744,0.8950437317784257,0.6842105263157895,0.3023255813953488,1191.0,2.0,0.0,177.0
123,2018-07-24T23:00:00,657.0,1314.0,4735.0,0.30769230769230765,0.9150943396226415,0.75,0.1935483870967742,1145.0,0.0,1.0,126.0
124,2018-07-25T00:00:00,579.0,1158.0,4205.0,0.4615384615384615,0.925,0.9,0.3103448275862069,970.0,2.0,1.0,143.0
125,2018-07-25T01:00:00,630.0,1260.0,4321.0,0.5070422535211269,0.8821548821548821,0.782608695652174,0.375,1036.0,0.0,0.0,151.0
126,2018-07-25T02:00:00,1478.0,2956.0,4721.0,0.5135135135135135,0.8875,0.7916666666666666,0.38,1103.0,3.0,0.0,173.0
127,2018-07-25T03:00:00,1221.0,2442.0,4181.0,0.5423728813559321,0.9052631578947369,0.8,0.41025641025641024,1008.0,3.0,1.0,125.0
128,2018-07-25T04:00:00,1635.0,3270.0,4252.0,0.6461538461538462,0.9192982456140351,0.875,0.5121951219512195,955.0,0.0,1.0,181.0
129,2018-07-25T05:00:00,1061.0,2122.0,3803.0,0.380952380952381,0.8984375,0.6153846153846154,0.27586206896551724,906.0,0.0,4.0,110.0
130,2018-07-25T06:00:00,829.0,1658.0,3289.0,0.4,0.9436619718309859,0.8,0.26666666666666666,784.0,0.0,1.0,65.0
131,2018-07-25T07:00:00,453.0,906.0,2957.0,0.3636363636363636,0.9606741573033708,1.0,0.2222222222222222,661.0,0.0,2.0,49.0
132,2018-07-25T08:00:00,428.0,856.0,3295.0,0.2857142857142857,0.8963730569948186,0.8,0.17391304347826086,713.0,0.0,0.0,58.0
133,2018-07-25T09:00:00,320.0,640.0,3107.0,0.2666666666666667,0.9388888888888889,1.0,0.15384615384615385,667.0,0.0,1.0,52.0
134,2018-07-25T10:00:00,404.0,808.0,3220.0,0.19999999999999998,0.9553072625698324,1.0,0.1111111111111111,673.0,0.0,0.0,39.0
135,2018-07-25T11:00:00,655.0,1310.0,3192.0,0.37499999999999994,0.893048128342246,0.6,0.2727272727272727,676.0,0.0,1.0,70.0
136,2018-07-25T12:00:00,784.0,1568.0,3878.0,0.43750000000000006,0.9246861924686193,0.875,0.2916666666666667,858.0,0.0,0.0,94.0
137,2018-07-25T13:00:00,914.0,1828.0,4212.0,0.35714285714285715,0.9299610894941635,0.5555555555555556,0.2631578947368421,903.0,2.0,0.0,119.0
138,2018-07-25T14:00:00,847.0,1694.0,4709.0,0.47058823529411764,0.9166666666666666,0.9230769230769231,0.3157894736842105,1146.0,1.0,0.0,145.0
139,2018-07-25T15:00:00,1088.0,2176.0,5077.0,0.4266666666666667,0.8724035608308606,0.64,0.32,1163.0,1.0,2.0,181.0
140,2018-07-25T16:00:00,1030.0,2060.0,5217.0,0.4545454545454545,0.8968481375358166,0.7142857142857143,0.3333333333333333,1223.0,0.0,1.0,170.0
141,2018-07-25T17:00:00,1115.0,2230.0,5090.0,0.5526315789473685,0.9025787965616046,0.7777777777777778,0.42857142857142855,1235.0,0.0,2.0,156.0
142,2018-07-25T18:00:00,1352.0,2704.0,5226.0,0.5151515151515152,0.9077809798270894,0.6538461538461539,0.425,1210.0,0.0,2.0,175.0
143,2018-07-25T19:00:00,1541.0,3082.0,5176.0,0.4081632653061225,0.9183098591549296,0.8333333333333334,0.2702702702702703,1273.0,1.0,0.0,145.0
144,2018-07-25T20:00:00,1670.0,3340.0,5367.0,0.5747126436781609,0.8994565217391305,0.8928571428571429,0.423728813559322,1252.0,1.0,0.0,218.0
145,2018-07-25T21:00:00,1486.0,2972.0,5105.0,0.35714285714285715,0.896551724137931,0.625,0.25,1232.0,0.0,1.0,157.0
146,2018-07-25T22:00:00,1396.0,2792.0,4779.0,0.25806451612903225,0.8584615384615385,0.5,0.17391304347826086,1171.0,0.0,3.0,126.0
147,2018-07-25T23:00:00,931.0,1862.0,4582.0,0.3157894736842105,0.9155844155844156,0.8571428571428571,0.1935483870967742,1090.0,0.0,0.0,138.0
148,2018-07-26T00:00:00,1055.0,2110.0,4629.0,0.5405405405405405,0.9433333333333334,0.9090909090909091,0.38461538461538464,1065.0,0.0,2.0,131.0
149,2018-07-26T01:00:00,2096.0,4192.0,4322.0,0.5641025641025641,0.9411764705882353,0.7857142857142857,0.44,995.0,1.0,0.0,158.0
150,2018-07-26T02:00:00,1791.0,3582.0,4280.0,0.5,0.9121621621621622,0.9285714285714286,0.34210526315789475,1034.0,0.0,0.0,146.0
151,2018-07-26T03:00:00,1320.0,2640.0,3972.0,0.3870967741935484,0.9304029304029304,1.0,0.24,995.0,0.0,1.0,95.0
152,2018-07-26T04:00:00,924.0,1848.0,3880.0,0.4444444444444444,0.924812030075188,0.7272727272727273,0.32,975.0,0.0,1.0,85.0
153,2018-07-26T05:00:00,759.0,1518.0,3760.0,0.33333333333333337,0.9504132231404959,0.6,0.23076923076923078,889.0,0.0,0.0,78.0
154,2018-07-26T06:00:00,588.0,1176.0,3274.0,0.2666666666666667,0.9458128078817734,1.0,0.15384615384615385,753.0,0.0,0.0,57.0
155,2018-07-26T07:00:00,364.0,728.0,2989.0,0.15384615384615385,0.9392265193370166,1.0,0.08333333333333333,683.0,1.0,0.0,38.0
156,2018-07-26T08:00:00,328.0,656.0,3257.0,0.4705882352941177,0.9536082474226805,0.6666666666666666,0.36363636363636365,706.0,1.0,0.0,66.0
157,2018-07-26T09:00:00,242.0,484.0,2987.0,0.16666666666666669,0.9404761904761905,0.5,0.1,649.0,0.0,0.0,22.0
158,2018-07-26T10:00:00,222.0,444.0,2898.0,0.42857142857142855,0.949685534591195,1.0,0.2727272727272727,606.0,0.0,0.0,30.0
159,2018-07-26T11:00:00,324.0,648.0,3515.0,0.11764705882352941,0.9253731343283582,1.0,0.0625,756.0,0.0,0.0,46.0
160,2018-07-26T12:00:00,469.0,938.0,3831.0,0.4285714285714285,0.9647577092511013,0.75,0.3,820.0,0.0,2.0,83.0
161,2018-07-26T13:00:00,548.0,1096.0,4282.0,0.2758620689655173,0.9204545454545454,1.0,0.16,970.0,0.0,1.0,83.0
162,2018-07-26T14:00:00,638.0,1276.0,4599.0,0.3333333333333333,0.9586206896551724,0.75,0.21428571428571427,1051.0,2.0,0.0,105.0
163,2018-07-26T15:00:00,669.0,1338.0,4591.0,0.35294117647058826,0.9288025889967637,0.6,0.25,1120.0,0.0,3.0,111.0
164,2018-07-26T16:00:00,752.0,1504.0,5104.0,0.2702702702702703,0.9203539823008849,0.625,0.1724137931034483,1228.0,0.0,3.0,124.0
165,2018-07-26T17:00:00,1058.0,2116.0,5377.0,0.2692307692307692,0.8932584269662921,0.5833333333333334,0.175,1285.0,1.0,0.0,138.0
166,2018-07-26T18:00:00,919.0,1838.0,5092.0,0.29411764705882354,0.9281437125748503,0.625,0.19230769230769232,1210.0,0.0,0.0,122.0
167,2018-07-26T19:00:00,764.0,1528.0,4998.0,0.30434782608695654,0.9027355623100304,0.7777777777777778,0.1891891891891892,1190.0,0.0,1.0,122.0
168,2018-07-26T20:00:00,847.0,1694.0,5146.0,0.2777777777777778,0.9216867469879518,0.625,0.17857142857142858,1207.0,0.0,2.0,117.0
169,2018-07-26T21:00:00,650.0,1300.0,4752.0,0.36363636363636365,0.9339622641509434,0.75,0.24,1161.0,0.0,0.0,107.0
170,2018-07-26T22:00:00,636.0,1272.0,4852.0,0.45454545454545453,0.9622641509433962,0.5,0.4166666666666667,1151.0,1.0,0.0,116.0
171,2018-07-26T23:00:00,649.0,1298.0,4578.0,0.32,0.9444444444444444,0.6666666666666666,0.21052631578947367,1110.0,0.0,0.0,110.0
172,2018-07-27T00:00:00,684.0,1368.0,4103.0,0.5,0.9430604982206405,0.8888888888888888,0.34782608695652173,1005.0,0.0,1.0,115.0
173,2018-07-27T01:00:00,578.0,1156.0,4105.0,0.5294117647058824,0.9405204460966543,1.0,0.36,988.0,0.0,0.0,88.0
174,2018-07-27T02:00:00,603.0,1206.0,4195.0,0.38095238095238093,0.953405017921147,1.0,0.23529411764705882,1026.0,0.0,1.0,88.0
175,2018-07-27T03:00:00,625.0,1250.0,4186.0,0.5217391304347825,0.9620689655172414,0.8571428571428571,0.375,1076.0,0.0,3.0,79.0
176,2018-07-27T04:00:00,541.0,1082.0,3846.0,0.1818181818181818,0.964,0.5,0.1111111111111111,930.0,0.0,1.0,69.0
177,2018-07-27T05:00:00,436.0,872.0,3586.0,0.28571428571428575,0.9563318777292577,0.5,0.2,864.0,0.0,0.0,49.0
178,2018-07-27T06:00:00,249.0,498.0,3055.0,0.0,0.9696969696969697,0.0,0.0,760.0,0.0,2.0,28.0
179,2018-07-27T07:00:00,163.0,326.0,3153.0,0.25,0.9378238341968912,1.0,0.14285714285714285,744.0,0.0,0.0,26.0
180,2018-07-27T08:00:00,153.0,306.0,3191.0,0.0,0.9572192513368984,0.0,0.0,724.0,0.0,0.0,24.0
181,2018-07-27T09:00:00,105.0,210.0,3066.0,0.0,0.9651162790697675,0.0,0.0,664.0,0.0,0.0,22.0
182,2018-07-27T10:00:00,104.0,208.0,2920.0,0.18181818181818182,0.9444444444444444,1.0,0.1,623.0,0.0,1.0,23.0
183,2018-07-27T11:00:00,195.0,390.0,3240.0,0.6666666666666666,0.9947643979057592,1.0,0.5,726.0,0.0,1.0,35.0
184,2018-07-27T12:00:00,265.0,530.0,3575.0,0.2857142857142857,0.9534883720930233,1.0,0.16666666666666666,821.0,0.0,0.0,37.0
185,2018-07-27T13:00:00,278.0,556.0,4008.0,0.13333333333333336,0.9467213114754098,0.5,0.07692307692307693,916.0,1.0,0.0,59.0
186,2018-07-27T14:00:00,363.0,726.0,4659.0,0.24000000000000002,0.9351535836177475,1.0,0.13636363636363635,1091.0,0.0,0.0,77.0
187,2018-07-27T15:00:00,402.0,804.0,4895.0,0.48275862068965514,0.9544072948328267,0.875,0.3333333333333333,1204.0,0.0,1.0,108.0
188,2018-07-27T16:00:00,405.0,810.0,5184.0,0.375,0.9406528189910979,0.8571428571428571,0.24,1244.0,0.0,0.0,103.0
189,2018-07-27T17:00:00,346.0,692.0,4958.0,0.631578947368421,0.9785276073619632,0.8571428571428571,0.5,1213.0,0.0,1.0,87.0
190,2018-07-27T18:00:00,487.0,974.0,5153.0,0.3076923076923077,0.9433962264150944,0.8,0.19047619047619047,1176.0,0.0,1.0,95.0
191,2018-07-27T19:00:00,1505.0,3010.0,4791.0,0.6046511627906976,0.9455128205128205,0.8125,0.48148148148148145,1131.0,0.0,0.0,117.0
192,2018-07-27T20:00:00,1717.0,3434.0,4883.0,0.4,0.9367469879518072,0.6363636363636364,0.2916666666666667,1210.0,0.0,0.0,116.0
193,2018-07-27T21:00:00,1372.0,2744.0,4695.0,0.375,0.9363057324840764,0.8571428571428571,0.24,1170.0,0.0,3.0,81.0
194,2018-07-27T22:00:00,1142.0,2284.0,4469.0,0.1935483870967742,0.9131944444444444,0.6,0.11538461538461539,1061.0,0.0,1.0,86.0
195,2018-07-27T23:00:00,1095.0,2190.0,4356.0,0.2608695652173913,0.9399293286219081,0.6,0.16666666666666666,1051.0,0.0,1.0,80.0
196,2018-07-28T00:00:00,873.0,1746.0,4087.0,0.3333333333333333,0.9389312977099237,0.5714285714285714,0.23529411764705882,979.0,0.0,0.0,69.0
197,2018-07-28T01:00:00,772.0,1544.0,3943.0,0.6666666666666666,0.9613899613899614,1.0,0.5,947.0,0.0,0.0,88.0
198,2018-07-28T02:00:00,746.0,1492.0,3993.0,0.2222222222222222,0.946969696969697,0.6666666666666666,0.13333333333333333,959.0,0.0,1.0,94.0
199,2018-07-28T03:00:00,786.0,1572.0,3816.0,0.24,0.9243027888446215,0.75,0.14285714285714285,924.0,0.0,0.0,79.0
200,2018-07-28T04:00:00,719.0,1438.0,3670.0,0.4,0.9478260869565217,1.0,0.25,838.0,0.0,0.0,81.0
201,2018-07-28T05:00:00,766.0,1532.0,3295.0,0.24999999999999997,0.912621359223301,0.75,0.15,743.0,0.0,1.0,76.0
202,2018-07-28T06:00:00,472.0,944.0,3058.0,0.0,0.9424083769633508,0.0,0.0,723.0,0.0,0.0,41.0
203,2018-07-28T07:00:00,316.0,632.0,2893.0,0.33333333333333337,0.9526627218934911,1.0,0.2,643.0,0.0,1.0,32.0
204,2018-07-28T08:00:00,283.0,566.0,2877.0,0.0,0.9698795180722891,0.0,0.0,639.0,0.0,1.0,23.0
205,2018-07-28T09:00:00,204.0,408.0,2868.0,0.5,0.975,1.0,0.3333333333333333,621.0,0.0,0.0,18.0
206,2018-07-28T10:00:00,214.0,428.0,2790.0,0.8571428571428571,0.9874213836477987,1.0,0.75,609.0,0.0,0.0,25.0
207,2018-07-28T11:00:00,240.0,480.0,3004.0,0.2222222222222222,0.9583333333333334,1.0,0.125,649.0,0.0,0.0,21.0
208,2018-07-28T12:00:00,408.0,816.0,3162.0,0.1,0.9037433155080213,1.0,0.05263157894736842,707.0,0.0,0.0,39.0
209,2018-07-28T13:00:00,602.0,1204.0,3476.0,0.31578947368421056,0.9383886255924171,0.75,0.2,775.0,0.0,0.0,68.0
210,2018-07-28T14:00:00,779.0,1558.0,4151.0,0.6,0.9242424242424242,0.8333333333333334,0.46875,936.0,0.0,0.0,116.0
211,2018-07-28T15:00:00,929.0,1858.0,4519.0,0.38095238095238093,0.910958904109589,0.7272727272727273,0.25806451612903225,1042.0,1.0,0.0,122.0
212,2018-07-28T16:00:00,880.0,1760.0,4306.0,0.23529411764705882,0.9530685920577617,1.0,0.13333333333333333,996.0,0.0,1.0,108.0
213,2018-07-28T17:00:00,791.0,1582.0,4702.0,0.4,0.930921052631579,0.7,0.28,1100.0,0.0,2.0,111.0
214,2018-07-28T18:00:00,663.0,1326.0,4233.0,0.4166666666666667,0.9487179487179487,0.8333333333333334,0.2777777777777778,989.0,0.0,1.0,99.0
215,2018-07-28T19:00:00,572.0,1144.0,4195.0,0.33333333333333326,0.9120879120879121,0.8571428571428571,0.20689655172413793,1003.0,0.0,0.0,85.0
216,2018-07-28T20:00:00,585.0,1170.0,4332.0,0.32258064516129037,0.925531914893617,1.0,0.19230769230769232,1030.0,0.0,2.0,95.0
217,2018-07-28T21:00:00,536.0,1072.0,4278.0,0.5000000000000001,0.9411764705882353,0.8,0.36363636363636365,998.0,0.0,2.0,86.0
218,2018-07-28T22:00:00,922.0,1844.0,4149.0,0.3809523809523809,0.9505703422053232,0.6666666666666666,0.26666666666666666,978.0,0.0,3.0,69.0
219,2018-07-28T23:00:00,618.0,1236.0,3671.0,0.21052631578947364,0.9392712550607287,0.4,0.14285714285714285,912.0,0.0,0.0,72.0
220,2018-07-29T00:00:00,598.0,1196.0,3893.0,0.21052631578947367,0.9390243902439024,1.0,0.11764705882352941,898.0,0.0,1.0,85.0
221,2018-07-29T01:00:00,525.0,1050.0,3701.0,0.0,0.9352226720647774,0.0,0.0,918.0,0.0,0.0,67.0
222,2018-07-29T02:00:00,471.0,942.0,3708.0,0.5555555555555556,0.9661016949152542,0.7142857142857143,0.45454545454545453,867.0,0.0,0.0,74.0
223,2018-07-29T03:00:00,726.0,1452.0,3753.0,0.6363636363636364,0.9362549800796812,0.875,0.5,891.0,0.0,0.0,111.0
224,2018-07-29T04:00:00,472.0,944.0,3422.0,0.1904761904761905,0.9251101321585903,1.0,0.10526315789473684,849.0,0.0,0.0,58.0
225,2018-07-29T05:00:00,302.0,604.0,3153.0,0.2857142857142857,0.9509803921568627,1.0,0.16666666666666666,779.0,0.0,0.0,33.0
226,2018-07-29T06:00:00,248.0,496.0,2932.0,0.3076923076923077,0.9516129032258065,1.0,0.18181818181818182,695.0,0.0,1.0,46.0
227,2018-07-29T07:00:00,231.0,462.0,2772.0,0.3157894736842105,0.9226190476190477,0.5,0.23076923076923078,633.0,0.0,0.0,38.0
228,2018-07-29T08:00:00,193.0,386.0,2806.0,0.3076923076923077,0.9461077844311377,1.0,0.18181818181818182,625.0,0.0,0.0,41.0
229,2018-07-29T09:00:00,157.0,314.0,2722.0,0.6956521739130436,0.9548387096774194,1.0,0.5333333333333333,563.0,0.0,0.0,53.0
230,2018-07-29T10:00:00,140.0,280.0,2786.0,0.6,0.975609756097561,0.75,0.5,624.0,0.0,0.0,28.0
231,2018-07-29T11:00:00,150.0,300.0,2612.0,0.5454545454545454,0.967741935483871,1.0,0.375,577.0,0.0,1.0,38.0
232,2018-07-29T12:00:00,252.0,504.0,3028.0,0.5925925925925926,0.9385474860335196,1.0,0.42105263157894735,668.0,0.0,2.0,44.0
233,2018-07-29T13:00:00,335.0,670.0,3477.0,0.45454545454545453,0.9433962264150944,0.8333333333333334,0.3125,779.0,0.0,0.0,69.0
234,2018-07-29T14:00:00,402.0,804.0,3910.0,0.41379310344827586,0.9322709163346613,0.8571428571428571,0.2727272727272727,910.0,0.0,1.0,93.0
235,2018-07-29T15:00:00,608.0,1216.0,4088.0,0.18750000000000003,0.9033457249070632,0.6,0.1111111111111111,974.0,0.0,1.0,99.0
236,2018-07-29T16:00:00,508.0,1016.0,4460.0,0.5882352941176471,0.9523809523809523,1.0,0.4166666666666667,1051.0,0.0,2.0,120.0
237,2018-07-29T17:00:00,647.0,1294.0,4418.0,0.42857142857142855,0.9444444444444444,1.0,0.2727272727272727,1028.0,0.0,0.0,121.0
238,2018-07-29T18:00:00,653.0,1306.0,4424.0,0.27586206896551724,0.9285714285714286,0.8,0.16666666666666666,1073.0,0.0,0.0,99.0
239,2018-07-29T19:00:00,489.0,978.0,4531.0,0.3,0.9528619528619529,1.0,0.17647058823529413,1102.0,0.0,0.0,82.0
240,2018-07-29T20:00:00,631.0,1262.0,4524.0,0.4444444444444444,0.9493243243243243,0.8571428571428571,0.3,1070.0,0.0,1.0,109.0
241,2018-07-29T21:00:00,560.0,1120.0,4284.0,0.41379310344827586,0.9411764705882353,1.0,0.2608695652173913,1056.0,0.0,4.0,94.0
242,2018-07-29T22:00:00,402.0,804.0,4233.0,0.36363636363636365,0.9498207885304659,0.6666666666666666,0.25,1036.0,0.0,0.0,79.0
243,2018-07-29T23:00:00,404.0,808.0,4201.0,0.16,0.9247311827956989,0.5,0.09523809523809523,1023.0,0.0,1.0,92.0
244,2018-07-30T00:00:00,436.0,872.0,3705.0,0.5142857142857143,0.9291666666666667,0.9,0.36,874.0,0.0,0.0,82.0
245,2018-07-30T01:00:00,494.0,988.0,3825.0,0.3846153846153846,0.9362549800796812,0.7142857142857143,0.2631578947368421,930.0,0.0,1.0,69.0
246,2018-07-30T02:00:00,351.0,702.0,3727.0,0.45454545454545453,0.9518072289156626,0.8333333333333334,0.3125,919.0,0.0,0.0,75.0
247,2018-07-30T03:00:00,288.0,576.0,3570.0,0.4444444444444445,0.9570815450643777,1.0,0.2857142857142857,870.0,0.0,1.0,61.0
248,2018-07-30T04:00:00,203.0,406.0,3527.0,0.0,0.9695652173913043,0.0,0.0,866.0,0.0,0.0,53.0
249,2018-07-30T05:00:00,207.0,414.0,3065.0,0.38095238095238093,0.9333333333333333,1.0,0.23529411764705882,740.0,0.0,0.0,39.0
250,2018-07-30T06:00:00,131.0,262.0,3110.0,0.25,0.9685863874345549,1.0,0.14285714285714285,728.0,0.0,0.0,35.0
251,2018-07-30T07:00:00,123.0,246.0,2768.0,0.2222222222222222,0.9583333333333334,1.0,0.125,633.0,0.0,0.0,35.0
252,2018-07-30T08:00:00,103.0,206.0,2791.0,0.5,0.9622641509433962,1.0,0.3333333333333333,609.0,0.0,0.0,26.0
253,2018-07-30T09:00:00,74.0,148.0,2815.0,0.0,0.9731543624161074,0.0,0.0,580.0,0.0,0.0,14.0
254,2018-07-30T10:00:00,65.0,130.0,3077.0,0.0,0.9824561403508771,0.0,0.0,664.0,0.0,0.0,16.0
255,2018-07-30T11:00:00,91.0,182.0,3186.0,0.0,0.989010989010989,0.0,0.0,697.0,0.0,0.0,31.0
256,2018-07-30T12:00:00,356.0,712.0,3470.0,0.5714285714285714,0.958139534883721,0.75,0.46153846153846156,771.0,0.0,2.0,86.0
257,2018-07-30T13:00:00,431.0,862.0,3972.0,0.6842105263157894,0.9506172839506173,0.9285714285714286,0.5416666666666666,871.0,1.0,0.0,100.0
258,2018-07-30T14:00:00,453.0,906.0,4208.0,0.5625,0.9485294117647058,0.8181818181818182,0.42857142857142855,967.0,0.0,0.0,119.0
259,2018-07-30T15:00:00,376.0,752.0,4726.0,0.5853658536585366,0.9429530201342282,0.9230769230769231,0.42857142857142855,1087.0,0.0,2.0,103.0
260,2018-07-30T16:00:00,540.0,1080.0,4817.0,0.30769230769230765,0.9153605015673981,0.75,0.1935483870967742,1157.0,0.0,1.0,118.0
261,2018-07-30T17:00:00,519.0,1038.0,5246.0,0.2666666666666667,0.9358600583090378,1.0,0.15384615384615385,1243.0,1.0,0.0,124.0
262,2018-07-30T18:00:00,696.0,1392.0,5089.0,0.4651162790697674,0.9305135951661632,0.9090909090909091,0.3125,1176.0,0.0,1.0,147.0
263,2018-07-30T19:00:00,660.0,1320.0,4936.0,0.3181818181818182,0.90625,0.7777777777777778,0.2,1166.0,0.0,1.0,110.0
264,2018-07-30T20:00:00,666.0,1332.0,4917.0,0.29268292682926833,0.9113149847094801,0.8571428571428571,0.17647058823529413,1188.0,0.0,1.0,118.0
265,2018-07-30T21:00:00,619.0,1238.0,4854.0,0.5714285714285715,0.9351851851851852,1.0,0.4,1174.0,0.0,0.0,119.0
266,2018-07-30T22:00:00,612.0,1224.0,4704.0,0.3225806451612903,0.9355828220858896,0.5,0.23809523809523808,1200.0,0.0,0.0,104.0
267,2018-07-30T23:00:00,709.0,1418.0,4428.0,0.35714285714285715,0.939799331103679,0.8333333333333334,0.22727272727272727,1096.0,0.0,1.0,95.0
268,2018-07-31T00:00:00,613.0,1226.0,4125.0,0.29411764705882354,0.9114391143911439,0.5555555555555556,0.2,969.0,1.0,0.0,114.0
269,2018-07-31T01:00:00,669.0,1338.0,4341.0,0.3870967741935483,0.9344827586206896,0.8571428571428571,0.25,1051.0,0.0,1.0,104.0
270,2018-07-31T02:00:00,1024.0,2048.0,4010.0,0.3125,0.9194139194139194,0.625,0.20833333333333334,977.0,1.0,0.0,110.0
271,2018-07-31T03:00:00,1156.0,2312.0,4096.0,0.3870967741935484,0.9298892988929889,0.6666666666666666,0.2727272727272727,984.0,0.0,2.0,97.0
272,2018-07-31T04:00:00,1267.0,2534.0,3669.0,0.35714285714285715,0.926530612244898,0.625,0.25,891.0,2.0,0.0,85.0
273,2018-07-31T05:00:00,842.0,1684.0,3416.0,0.16666666666666669,0.9563318777292577,1.0,0.09090909090909091,844.0,0.0,1.0,71.0
274,2018-07-31T06:00:00,565.0,1130.0,3296.0,0.42857142857142855,0.9611650485436893,1.0,0.2727272727272727,780.0,0.0,0.0,43.0
275,2018-07-31T07:00:00,366.0,732.0,2960.0,0.4615384615384615,0.9613259668508287,1.0,0.3,683.0,0.0,1.0,38.0
276,2018-07-31T08:00:00,257.0,514.0,3051.0,0.0,0.9709302325581395,0.0,0.0,646.0,0.0,0.0,42.0
277,2018-07-31T09:00:00,237.0,474.0,2763.0,0.18181818181818182,0.9395973154362416,1.0,0.1,569.0,0.0,0.0,23.0
278,2018-07-31T10:00:00,296.0,592.0,2933.0,0.2857142857142857,0.9382716049382716,1.0,0.16666666666666666,616.0,0.0,0.0,31.0
279,2018-07-31T11:00:00,368.0,736.0,3349.0,0.25,0.9689119170984456,1.0,0.14285714285714285,716.0,0.0,1.0,51.0
280,2018-07-31T12:00:00,588.0,1176.0,3868.0,0.6382978723404256,0.9267241379310345,0.8823529411764706,0.5,824.0,0.0,2.0,100.0
281,2018-07-31T13:00:00,1520.0,3040.0,4439.0,0.631578947368421,0.900355871886121,0.8275862068965517,0.5106382978723404,923.0,1.0,0.0,199.0
282,2018-07-31T14:00:00,2707.0,5414.0,4948.0,0.6851851851851853,0.9005847953216374,0.8043478260869565,0.5967741935483871,1116.0,0.0,1.0,251.0
283,2018-07-31T15:00:00,2487.0,4974.0,5120.0,0.5544554455445544,0.8735955056179775,0.6086956521739131,0.509090909090909,1167.0,0.0,2.0,254.0
284,2018-07-31T16:00:00,2477.0,4954.0,5291.0,0.5111111111111111,0.8777777777777778,0.6052631578947368,0.4423076923076923,1196.0,0.0,2.0,241.0
285,2018-07-31T17:00:00,1824.0,3648.0,5332.0,0.4827586206896552,0.8753462603878116,0.7241379310344828,0.3620689655172414,1243.0,0.0,3.0,197.0
286,2018-07-31T18:00:00,1509.0,3018.0,5189.0,0.4938271604938271,0.8831908831908832,0.6666666666666666,0.39215686274509803,1219.0,1.0,0.0,181.0
287,2018-07-31T19:00:00,1283.0,2566.0,5186.0,0.5205479452054794,0.8970588235294118,0.7037037037037037,0.41304347826086957,1205.0,0.0,2.0,150.0
288,2018-07-31T20:00:00,1327.0,2654.0,5211.0,0.5060240963855422,0.8828571428571429,0.7777777777777778,0.375,1222.0,0.0,2.0,173.0
289,2018-07-31T21:00:00,1692.0,3384.0,5088.0,0.5882352941176471,0.9005681818181818,0.8928571428571429,0.43859649122807015,1216.0,0.0,3.0,187.0
290,2018-07-31T22:00:00,1432.0,2864.0,4865.0,0.4230769230769231,0.9093655589123867,1.0,0.2682926829268293,1171.0,0.0,2.0,150.0
291,2018-07-31T23:00:00,1393.0,2786.0,4760.0,0.3076923076923077,0.8875,0.7272727272727273,0.1951219512195122,1109.0,0.0,1.0,168.0
292,2018-08-01T00:00:00,1383.0,2766.0,4326.0,0.3548387096774194,0.8606271777003485,0.5789473684210527,0.2558139534883721,995.0,0.0,0.0,153.0
293,2018-08-01T01:00:00,1374.0,2748.0,4400.0,0.5714285714285714,0.920265780730897,0.7619047619047619,0.45714285714285713,1058.0,0.0,1.0,143.0
294,2018-08-01T02:00:00,1270.0,2540.0,4338.0,0.36000000000000004,0.8943894389438944,0.6923076923076923,0.24324324324324326,1073.0,0.0,2.0,134.0
295,2018-08-01T03:00:00,1118.0,2236.0,4292.0,0.46808510638297873,0.9172185430463576,1.0,0.3055555555555556,1072.0,0.0,2.0,130.0
296,2018-08-01T04:00:00,957.0,1914.0,3719.0,0.4615384615384615,0.9465648854961832,1.0,0.3,938.0,0.0,2.0,106.0
297,2018-08-01T05:00:00,726.0,1452.0,3671.0,0.46153846153846156,0.943089430894309,0.75,0.3333333333333333,889.0,0.0,0.0,92.0
298,2018-08-01T06:00:00,425.0,850.0,3199.0,0.1818181818181818,0.9545454545454546,0.5,0.1111111111111111,749.0,0.0,0.0,42.0
299,2018-08-01T07:00:00,333.0,666.0,3020.0,0.0,0.9565217391304348,0.0,0.0,675.0,3.0,0.0,55.0
300,2018-08-01T08:00:00,262.0,524.0,3200.0,0.2857142857142857,0.9468085106382979,1.0,0.16666666666666666,709.0,0.0,0.0,41.0
301,2018-08-01T09:00:00,211.0,422.0,2902.0,0.6666666666666666,0.9695121951219512,1.0,0.5,611.0,0.0,0.0,44.0
302,2018-08-01T10:00:00,199.0,398.0,2629.0,0.4444444444444445,0.9675324675324676,1.0,0.2857142857142857,583.0,0.0,0.0,30.0
303,2018-08-01T11:00:00,284.0,568.0,3308.0,0.25,0.96875,1.0,0.14285714285714285,728.0,0.0,0.0,37.0
304,2018-08-01T12:00:00,496.0,992.0,3739.0,0.38095238095238093,0.9417040358744395,0.8,0.25,812.0,0.0,0.0,78.0
305,2018-08-01T13:00:00,800.0,1600.0,4235.0,0.0,0.8823529411764706,0.0,0.0,919.0,0.0,1.0,99.0
306,2018-08-01T14:00:00,660.0,1320.0,4938.0,0.3333333333333333,0.9254658385093167,0.75,0.21428571428571427,1156.0,0.0,0.0,131.0
307,2018-08-01T15:00:00,820.0,1640.0,5037.0,0.5084745762711864,0.913946587537092,0.8823529411764706,0.35714285714285715,1209.0,0.0,1.0,136.0
308,2018-08-01T16:00:00,814.0,1628.0,5269.0,0.27272727272727276,0.9085714285714286,0.8571428571428571,0.16216216216216217,1268.0,1.0,1.0,128.0
309,2018-08-01T17:00:00,686.0,1372.0,5267.0,0.27586206896551724,0.9405099150141643,0.5714285714285714,0.18181818181818182,1285.0,1.0,0.0,122.0
310,2018-08-01T18:00:00,645.0,1290.0,5197.0,0.25806451612903225,0.9352112676056338,0.5714285714285714,0.16666666666666666,1302.0,0.0,2.0,115.0
311,2018-08-01T19:00:00,511.0,1022.0,4959.0,0.45000000000000007,0.9327217125382263,1.0,0.2903225806451613,1192.0,1.0,0.0,111.0
312,2018-08-01T20:00:00,489.0,978.0,4944.0,0.26666666666666666,0.9327217125382263,0.8,0.16,1201.0,0.0,0.0,103.0
313,2018-08-01T21:00:00,1825.0,3650.0,4985.0,0.5306122448979592,0.9321533923303835,0.6842105263157895,0.43333333333333335,1209.0,1.0,1.0,142.0
314,2018-08-01T22:00:00,1625.0,3250.0,5142.0,0.5079365079365079,0.9109195402298851,0.8,0.37209302325581395,1241.0,1.0,0.0,150.0
315,2018-08-01T23:00:00,1400.0,2800.0,4715.0,0.5416666666666666,0.9308176100628931,0.8125,0.40625,1121.0,0.0,1.0,146.0
316,2018-08-02T00:00:00,1208.0,2416.0,4327.0,0.43902439024390244,0.9201388888888888,0.8181818181818182,0.3,1038.0,0.0,3.0,109.0
317,2018-08-02T01:00:00,981.0,1962.0,4247.0,0.48484848484848486,0.9379562043795621,0.8,0.34782608695652173,1007.0,0.0,0.0,88.0
318,2018-08-02T02:00:00,847.0,1694.0,4152.0,0.27272727272727276,0.9420289855072463,0.75,0.16666666666666666,1017.0,0.0,0.0,84.0
319,2018-08-02T03:00:00,809.0,1618.0,4263.0,0.34285714285714286,0.9181494661921709,0.75,0.2222222222222222,1054.0,0.0,3.0,63.0
320,2018-08-02T04:00:00,693.0,1386.0,3866.0,0.27272727272727276,0.9391634980988594,0.75,0.16666666666666666,969.0,0.0,2.0,80.0
321,2018-08-02T05:00:00,475.0,950.0,3558.0,0.15384615384615385,0.9515418502202643,1.0,0.08333333333333333,852.0,0.0,0.0,53.0
322,2018-08-02T06:00:00,316.0,632.0,3301.0,0.19999999999999998,0.9605911330049262,1.0,0.1111111111111111,756.0,1.0,0.0,52.0
323,2018-08-02T07:00:00,253.0,506.0,2902.0,0.42857142857142855,0.9545454545454546,0.5,0.375,667.0,0.0,0.0,37.0
324,2018-08-02T08:00:00,176.0,352.0,3083.0,0.0,0.9611111111111111,0.0,0.0,688.0,0.0,1.0,31.0
325,2018-08-02T09:00:00,163.0,326.0,3119.0,0.0,0.9766081871345029,0.0,0.0,658.0,0.0,0.0,24.0
326,2018-08-02T10:00:00,206.0,412.0,2897.0,0.22222222222222224,0.9585798816568047,0.5,0.14285714285714285,635.0,0.0,1.0,36.0
327,2018-08-02T11:00:00,251.0,502.0,3478.0,0.33333333333333337,0.9381443298969072,1.0,0.2,737.0,0.0,1.0,35.0
328,2018-08-02T12:00:00,434.0,868.0,3762.0,0.4545454545454546,0.9473684210526315,0.5555555555555556,0.38461538461538464,845.0,1.0,0.0,65.0
329,2018-08-02T13:00:00,598.0,1196.0,4406.0,0.42424242424242425,0.9301470588235294,0.875,0.28,983.0,1.0,0.0,103.0
330,2018-08-02T14:00:00,530.0,1060.0,4766.0,0.5555555555555556,0.9478827361563518,0.8333333333333334,0.4166666666666667,1114.0,0.0,2.0,109.0
331,2018-08-02T15:00:00,648.0,1296.0,4887.0,0.5238095238095238,0.9367088607594937,0.9166666666666666,0.36666666666666664,1110.0,0.0,1.0,149.0
332,2018-08-02T16:00:00,645.0,1290.0,5062.0,0.625,0.9464285714285714,0.8823529411764706,0.4838709677419355,1197.0,0.0,1.0,142.0
333,2018-08-02T17:00:00,670.0,1340.0,5104.0,0.5217391304347826,0.9352941176470588,1.0,0.35294117647058826,1218.0,1.0,0.0,137.0
334,2018-08-02T18:00:00,604.0,1208.0,5276.0,0.42424242424242425,0.9452449567723343,0.7777777777777778,0.2916666666666667,1278.0,0.0,1.0,105.0
335,2018-08-02T19:00:00,512.0,1024.0,5218.0,0.38095238095238093,0.9261363636363636,0.8,0.25,1302.0,0.0,1.0,103.0
336,2018-08-02T20:00:00,825.0,1650.0,5066.0,0.6071428571428572,0.935672514619883,0.8947368421052632,0.4594594594594595,1224.0,0.0,0.0,142.0
337,2018-08-02T21:00:00,553.0,1106.0,4924.0,0.5365853658536586,0.9420731707317073,0.9166666666666666,0.3793103448275862,1189.0,0.0,0.0,121.0
338,2018-08-02T22:00:00,476.0,952.0,4847.0,0.6808510638297872,0.9546827794561934,1.0,0.5161290322580645,1171.0,0.0,2.0,147.0
339,2018-08-02T23:00:00,383.0,766.0,4449.0,0.4864864864864865,0.9362416107382551,0.8181818181818182,0.34615384615384615,1068.0,0.0,0.0,124.0
340,2018-08-03T00:00:00,432.0,864.0,4404.0,0.6341463414634146,0.9482758620689655,0.9285714285714286,0.48148148148148145,1068.0,0.0,0.0,91.0
341,2018-08-03T01:00:00,346.0,692.0,4409.0,0.38095238095238093,0.9112627986348123,1.0,0.23529411764705882,1085.0,0.0,0.0,86.0
342,2018-08-03T02:00:00,337.0,674.0,4163.0,0.6666666666666666,0.9724137931034482,1.0,0.5,1083.0,0.0,0.0,75.0
343,2018-08-03T03:00:00,397.0,794.0,4193.0,0.5294117647058824,0.9453924914675768,0.8181818181818182,0.391304347826087,1082.0,0.0,1.0,88.0
344,2018-08-03T04:00:00,377.0,754.0,3849.0,0.3636363636363636,0.9227941176470589,1.0,0.2222222222222222,1013.0,0.0,0.0,71.0
345,2018-08-03T05:00:00,223.0,446.0,3584.0,0.2857142857142857,0.9615384615384616,1.0,0.16666666666666666,995.0,0.0,0.0,45.0
346,2018-08-03T06:00:00,227.0,454.0,3245.0,0.13333333333333333,0.9392523364485982,1.0,0.07142857142857142,810.0,0.0,0.0,46.0
347,2018-08-03T07:00:00,142.0,284.0,3088.0,0.3333333333333333,0.9567567567567568,0.6666666666666666,0.2222222222222222,698.0,0.0,1.0,37.0
348,2018-08-03T08:00:00,102.0,204.0,3354.0,0.8333333333333334,0.99,0.8333333333333334,0.8333333333333334,764.0,0.0,0.0,32.0
349,2018-08-03T09:00:00,86.0,172.0,2971.0,0.6666666666666666,0.9823529411764705,1.0,0.5,645.0,0.0,0.0,31.0
350,2018-08-03T10:00:00,130.0,260.0,2997.0,0.888888888888889,0.9883040935672515,1.0,0.8,656.0,0.0,0.0,26.0
351,2018-08-03T11:00:00,159.0,318.0,3354.0,0.4,0.953125,1.0,0.25,727.0,0.0,0.0,37.0
352,2018-08-03T12:00:00,178.0,356.0,3518.0,0.5,0.9812206572769953,1.0,0.3333333333333333,796.0,0.0,0.0,56.0
353,2018-08-03T13:00:00,265.0,530.0,3998.0,0.375,0.9596774193548387,0.75,0.25,919.0,0.0,2.0,67.0
354,2018-08-03T14:00:00,409.0,818.0,4812.0,0.6206896551724138,0.964968152866242,0.9,0.47368421052631576,1156.0,0.0,1.0,99.0
355,2018-08-03T15:00:00,430.0,860.0,4818.0,0.45714285714285713,0.9425981873111783,1.0,0.2962962962962963,1200.0,0.0,0.0,120.0
356,2018-08-03T16:00:00,613.0,1226.0,5319.0,0.5098039215686275,0.9293785310734464,0.9285714285714286,0.35135135135135137,1275.0,0.0,3.0,136.0
357,2018-08-03T17:00:00,1119.0,2238.0,5511.0,0.46875,0.9109947643979057,0.7142857142857143,0.3488372093023256,1344.0,0.0,1.0,183.0
358,2018-08-03T18:00:00,783.0,1566.0,4967.0,0.3181818181818182,0.9096385542168675,0.7,0.20588235294117646,1189.0,1.0,0.0,134.0
359,2018-08-03T19:00:00,639.0,1278.0,5028.0,0.5423728813559322,0.9203539823008849,0.7619047619047619,0.42105263157894735,1198.0,2.0,0.0,156.0
360,2018-08-03T20:00:00,713.0,1426.0,4873.0,0.6046511627906976,0.9483282674772037,0.7647058823529411,0.5,1175.0,0.0,3.0,135.0
361,2018-08-03T21:00:00,825.0,1650.0,4847.0,0.5,0.9088145896656535,0.8333333333333334,0.35714285714285715,1151.0,0.0,1.0,163.0
362,2018-08-03T22:00:00,718.0,1436.0,4503.0,0.4761904761904762,0.9261744966442953,0.7142857142857143,0.35714285714285715,1070.0,0.0,1.0,118.0
363,2018-08-03T23:00:00,644.0,1288.0,4281.0,0.39999999999999997,0.9257950530035336,0.875,0.25925925925925924,1034.0,0.0,0.0,97.0
364,2018-08-04T00:00:00,586.0,1172.0,4011.0,0.5333333333333333,0.9216417910447762,0.6666666666666666,0.4444444444444444,956.0,2.0,0.0,110.0
365,2018-08-04T01:00:00,576.0,1152.0,3856.0,0.5000000000000001,0.9375,0.8,0.36363636363636365,926.0,1.0,0.0,94.0
366,2018-08-04T02:00:00,476.0,952.0,4079.0,0.42424242424242425,0.9304029304029304,0.7,0.30434782608695654,1025.0,2.0,0.0,65.0
367,2018-08-04T03:00:00,462.0,924.0,3797.0,0.3846153846153846,0.9375,0.8333333333333334,0.25,961.0,0.0,1.0,62.0
368,2018-08-04T04:00:00,402.0,804.0,3557.0,0.38095238095238093,0.946058091286307,1.0,0.23529411764705882,872.0,0.0,2.0,86.0
369,2018-08-04T05:00:00,331.0,662.0,3494.0,0.4347826086956522,0.9451476793248945,1.0,0.2777777777777778,887.0,0.0,0.0,58.0
370,2018-08-04T06:00:00,216.0,432.0,3112.0,0.5263157894736842,0.9540816326530612,1.0,0.35714285714285715,754.0,0.0,0.0,30.0
371,2018-08-04T07:00:00,134.0,268.0,3134.0,0.4,0.967391304347826,1.0,0.25,712.0,0.0,0.0,23.0
372,2018-08-04T08:00:00,134.0,268.0,3021.0,0.5555555555555556,0.9555555555555556,0.8333333333333334,0.4166666666666667,688.0,0.0,0.0,30.0
373,2018-08-04T09:00:00,107.0,214.0,2913.0,0.6666666666666666,0.9767441860465116,1.0,0.5,657.0,0.0,0.0,28.0
374,2018-08-04T10:00:00,133.0,266.0,2732.0,0.6153846153846153,0.9683544303797469,1.0,0.4444444444444444,603.0,0.0,0.0,29.0
375,2018-08-04T11:00:00,148.0,296.0,3120.0,0.0,0.9375,0.0,0.0,683.0,0.0,0.0,19.0
376,2018-08-04T12:00:00,219.0,438.0,2933.0,0.14285714285714288,0.9314285714285714,1.0,0.07692307692307693,661.0,0.0,0.0,36.0
377,2018-08-04T13:00:00,270.0,540.0,3626.0,0.5555555555555556,0.9641255605381166,0.8333333333333334,0.4166666666666667,830.0,0.0,0.0,60.0
378,2018-08-04T14:00:00,327.0,654.0,3915.0,0.24999999999999997,0.9294117647058824,0.75,0.15,957.0,0.0,1.0,59.0
379,2018-08-04T15:00:00,405.0,810.0,4118.0,0.25,0.9315589353612167,1.0,0.14285714285714285,972.0,0.0,0.0,79.0
380,2018-08-04T16:00:00,347.0,694.0,4621.0,0.22222222222222218,0.9331210191082803,0.6,0.13636363636363635,1188.0,0.0,1.0,67.0
381,2018-08-04T17:00:00,385.0,770.0,4783.0,0.2857142857142857,0.9528301886792453,1.0,0.16666666666666666,1175.0,0.0,0.0,94.0
382,2018-08-04T18:00:00,435.0,870.0,4660.0,0.43750000000000006,0.9391891891891891,1.0,0.28,1083.0,0.0,2.0,97.0
383,2018-08-04T19:00:00,432.0,864.0,4543.0,0.37037037037037035,0.9401408450704225,1.0,0.22727272727272727,1045.0,0.0,0.0,89.0
384,2018-08-04T20:00:00,654.0,1308.0,4275.0,0.23076923076923078,0.9290780141843972,1.0,0.13043478260869565,1044.0,0.0,1.0,82.0
385,2018-08-04T21:00:00,510.0,1020.0,4228.0,0.5333333333333333,0.9494584837545126,0.8888888888888888,0.38095238095238093,992.0,0.0,0.0,112.0
386,2018-08-04T22:00:00,452.0,904.0,4101.0,0.2758620689655173,0.9216417910447762,1.0,0.16,984.0,0.0,1.0,83.0
387,2018-08-04T23:00:00,430.0,860.0,3832.0,0.125,0.8870967741935484,0.4,0.07407407407407407,919.0,0.0,1.0,72.0
388,2018-08-05T00:00:00,427.0,854.0,3848.0,0.3870967741935483,0.9227642276422764,0.75,0.2608695652173913,902.0,0.0,0.0,79.0
389,2018-08-05T01:00:00,372.0,744.0,3731.0,0.21052631578947367,0.9375,1.0,0.11764705882352941,899.0,0.0,0.0,61.0
390,2018-08-05T02:00:00,329.0,658.0,3651.0,0.14285714285714288,0.9512195121951219,1.0,0.07692307692307693,937.0,0.0,2.0,41.0
391,2018-08-05T03:00:00,347.0,694.0,3707.0,0.4444444444444445,0.9585062240663901,1.0,0.2857142857142857,914.0,0.0,1.0,47.0
392,2018-08-05T04:00:00,244.0,488.0,3567.0,0.35294117647058826,0.9545454545454546,1.0,0.21428571428571427,921.0,0.0,0.0,45.0
393,2018-08-05T05:00:00,240.0,480.0,3402.0,0.3076923076923077,0.9606986899563319,1.0,0.18181818181818182,868.0,0.0,0.0,47.0
394,2018-08-05T06:00:00,164.0,328.0,3046.0,0.0,0.9732620320855615,0.0,0.0,714.0,0.0,0.0,34.0
395,2018-08-05T07:00:00,117.0,234.0,2864.0,0.125,0.9186046511627907,0.5,0.07142857142857142,662.0,0.0,0.0,22.0
396,2018-08-05T08:00:00,108.0,216.0,2930.0,0.6666666666666666,0.9783783783783784,1.0,0.5,706.0,0.0,0.0,33.0
397,2018-08-05T09:00:00,84.0,168.0,2732.0,0.0,0.9693251533742331,0.0,0.0,628.0,0.0,1.0,21.0
398,2018-08-05T10:00:00,91.0,182.0,2661.0,0.4,0.9811320754716981,1.0,0.25,611.0,0.0,1.0,24.0
399,2018-08-05T11:00:00,81.0,162.0,2774.0,0.2222222222222222,0.9554140127388535,1.0,0.125,605.0,0.0,1.0,20.0
400,2018-08-05T12:00:00,155.0,310.0,3191.0,0.42857142857142855,0.9558011049723757,1.0,0.2727272727272727,681.0,0.0,0.0,43.0
401,2018-08-05T13:00:00,238.0,476.0,3483.0,0.1111111111111111,0.926605504587156,1.0,0.058823529411764705,804.0,0.0,0.0,66.0
402,2018-08-05T14:00:00,340.0,680.0,3964.0,0.4,0.9525691699604744,0.8,0.26666666666666666,928.0,0.0,1.0,80.0
403,2018-08-05T15:00:00,544.0,1088.0,4397.0,0.3684210526315789,0.9157894736842105,1.0,0.22580645161290322,1037.0,0.0,1.0,100.0
404,2018-08-05T16:00:00,534.0,1068.0,4561.0,0.5217391304347825,0.9271523178807947,0.8571428571428571,0.375,1087.0,0.0,0.0,117.0
405,2018-08-05T17:00:00,500.0,1000.0,4525.0,0.5365853658536586,0.9377049180327869,0.9166666666666666,0.3793103448275862,1096.0,0.0,4.0,117.0
406,2018-08-05T18:00:00,628.0,1256.0,4514.0,0.5531914893617021,0.9320388349514563,0.7647058823529411,0.43333333333333335,1091.0,0.0,3.0,140.0
407,2018-08-05T19:00:00,583.0,1166.0,4510.0,0.5490196078431372,0.9258064516129032,0.7,0.45161290322580644,1108.0,0.0,2.0,129.0
408,2018-08-05T20:00:00,778.0,1556.0,4606.0,0.558139534883721,0.9379084967320261,0.7058823529411765,0.46153846153846156,1061.0,3.0,2.0,157.0
409,2018-08-05T21:00:00,689.0,1378.0,4364.0,0.6111111111111112,0.9513888888888888,1.0,0.44,1031.0,0.0,1.0,117.0
410,2018-08-05T22:00:00,648.0,1296.0,4478.0,0.4117647058823529,0.9342105263157895,1.0,0.25925925925925924,1094.0,1.0,2.0,118.0
411,2018-08-05T23:00:00,476.0,952.0,4085.0,0.43478260869565216,0.9040590405904059,0.9090909090909091,0.2857142857142857,984.0,0.0,1.0,95.0
412,2018-08-06T00:00:00,661.0,1322.0,3936.0,0.5588235294117647,0.8897058823529411,0.7916666666666666,0.4318181818181818,960.0,2.0,0.0,124.0
413,2018-08-06T01:00:00,1008.0,2016.0,3996.0,0.6153846153846154,0.9224806201550387,0.8,0.5,880.0,0.0,0.0,150.0
414,2018-08-06T02:00:00,1005.0,2010.0,3984.0,0.631578947368421,0.9252669039145908,0.8571428571428571,0.5,967.0,1.0,0.0,156.0
415,2018-08-06T03:00:00,762.0,1524.0,3895.0,0.26666666666666666,0.9172932330827067,0.4444444444444444,0.19047619047619047,921.0,0.0,1.0,139.0
416,2018-08-06T04:00:00,915.0,1830.0,3638.0,0.2857142857142857,0.8979591836734694,1.0,0.16666666666666666,870.0,0.0,2.0,107.0
417,2018-08-06T05:00:00,759.0,1518.0,3412.0,0.6881720430107527,0.8806584362139918,0.8648648648648649,0.5714285714285714,810.0,0.0,2.0,158.0
418,2018-08-06T06:00:00,893.0,1786.0,3076.0,0.42424242424242425,0.9030612244897959,0.875,0.28,677.0,3.0,0.0,104.0
419,2018-08-06T07:00:00,393.0,786.0,2972.0,0.5185185185185185,0.9269662921348315,0.7777777777777778,0.3888888888888889,641.0,0.0,0.0,71.0
420,2018-08-06T08:00:00,307.0,614.0,3072.0,0.8095238095238096,0.9565217391304348,0.9444444444444444,0.7083333333333334,643.0,0.0,0.0,92.0
421,2018-08-06T09:00:00,344.0,688.0,3013.0,0.7878787878787878,0.9606741573033708,0.9285714285714286,0.6842105263157895,610.0,0.0,0.0,102.0
422,2018-08-06T10:00:00,326.0,652.0,3040.0,0.888888888888889,0.9833333333333333,1.0,0.8,641.0,0.0,2.0,73.0
423,2018-08-06T11:00:00,550.0,1100.0,3097.0,0.6818181818181818,0.9267015706806283,0.9375,0.5357142857142857,679.0,0.0,0.0,84.0
424,2018-08-06T12:00:00,917.0,1834.0,3908.0,0.7796610169491525,0.9518518518518518,0.9583333333333334,0.6571428571428571,898.0,2.0,0.0,178.0
425,2018-08-06T13:00:00,1308.0,2616.0,4298.0,0.802919708029197,0.9072164948453608,0.9016393442622951,0.7236842105263158,884.0,4.0,0.0,273.0
426,2018-08-06T14:00:00,1598.0,3196.0,4904.0,0.6290322580645162,0.8647058823529412,0.8125,0.5131578947368421,1060.0,5.0,0.0,294.0
427,2018-08-06T15:00:00,1675.0,3350.0,5286.0,0.6521739130434782,0.8688524590163934,0.7758620689655172,0.5625,1130.0,1.0,0.0,331.0
428,2018-08-06T16:00:00,1890.0,3780.0,5067.0,0.6625766871165644,0.8525469168900804,0.8059701492537313,0.5625,1126.0,0.0,4.0,358.0
429,2018-08-06T17:00:00,2212.0,4424.0,5687.0,0.7745098039215685,0.8915094339622641,0.8681318681318682,0.6991150442477876,1216.0,2.0,1.0,476.0
430,2018-08-06T18:00:00,4019.0,8038.0,5852.0,0.7357142857142857,0.8318181818181818,0.8110236220472441,0.673202614379085,1192.0,1.0,0.0,563.0
431,2018-08-06T19:00:00,2712.0,5424.0,5289.0,0.6710526315789473,0.8701298701298701,0.796875,0.5795454545454546,1147.0,0.0,1.0,389.0
432,2018-08-06T20:00:00,2332.0,4664.0,5304.0,0.6496815286624203,0.8586118251928021,0.7611940298507462,0.5666666666666667,1163.0,0.0,0.0,390.0
433,2018-08-06T21:00:00,2077.0,4154.0,5197.0,0.6015037593984962,0.8590425531914894,0.8333333333333334,0.47058823529411764,1189.0,1.0,4.0,310.0
434,2018-08-06T22:00:00,2486.0,4972.0,5289.0,0.7027027027027027,0.8618090452261307,0.8227848101265823,0.6132075471698113,1156.0,5.0,1.0,429.0
435,2018-08-06T23:00:00,1894.0,3788.0,4885.0,0.6349206349206349,0.8670520231213873,0.7547169811320755,0.547945205479452,1079.0,1.0,1.0,302.0
436,2018-08-07T00:00:00,3170.0,6340.0,4556.0,0.7040000000000001,0.8865030674846626,0.7586206896551724,0.6567164179104478,998.0,3.0,1.0,302.0
437,2018-08-07T01:00:00,2535.0,5070.0,4513.0,0.6875000000000001,0.9071207430340558,0.868421052631579,0.5689655172413793,1056.0,2.0,1.0,232.0
438,2018-08-07T02:00:00,2472.0,4944.0,4743.0,0.64,0.8922155688622755,0.8,0.5333333333333333,1090.0,3.0,0.0,242.0
439,2018-08-07T03:00:00,1910.0,3820.0,4384.0,0.5128205128205128,0.8745874587458746,0.8333333333333334,0.37037037037037035,1001.0,0.0,3.0,208.0
440,2018-08-07T04:00:00,1283.0,2566.0,4070.0,0.4705882352941177,0.9003690036900369,0.7058823529411765,0.35294117647058826,931.0,0.0,0.0,149.0
441,2018-08-07T05:00:00,947.0,1894.0,3628.0,0.5660377358490566,0.9017094017094017,0.7894736842105263,0.4411764705882353,832.0,0.0,0.0,100.0
442,2018-08-07T06:00:00,660.0,1320.0,3303.0,0.5185185185185185,0.9375,1.0,0.35,762.0,0.0,2.0,67.0
443,2018-08-07T07:00:00,491.0,982.0,3227.0,0.375,0.900990099009901,0.8571428571428571,0.24,727.0,0.0,1.0,79.0
444,2018-08-07T08:00:00,368.0,736.0,3302.0,0.5454545454545454,0.9473684210526315,1.0,0.375,690.0,1.0,0.0,67.0
445,2018-08-07T09:00:00,331.0,662.0,2943.0,0.47058823529411764,0.9470588235294117,0.8,0.3333333333333333,620.0,0.0,1.0,56.0
446,2018-08-07T10:00:00,375.0,750.0,2967.0,0.761904761904762,0.9719101123595506,1.0,0.6153846153846154,645.0,0.0,0.0,65.0
447,2018-08-07T11:00:00,592.0,1184.0,3437.0,0.5161290322580644,0.926829268292683,0.8888888888888888,0.36363636363636365,749.0,0.0,0.0,71.0
448,2018-08-07T12:00:00,949.0,1898.0,3845.0,0.631578947368421,0.9139344262295082,0.9,0.4864864864864865,829.0,0.0,1.0,144.0
449,2018-08-07T13:00:00,973.0,1946.0,4316.0,0.46428571428571436,0.8892988929889298,0.8125,0.325,908.0,1.0,0.0,175.0
450,2018-08-07T14:00:00,942.0,1884.0,4502.0,0.4651162790697674,0.9220338983050848,0.7692307692307693,0.3333333333333333,1037.0,0.0,3.0,139.0
451,2018-08-07T15:00:00,1285.0,2570.0,5210.0,0.5479452054794521,0.9085872576177285,0.7142857142857143,0.4444444444444444,1207.0,2.0,2.0,233.0
452,2018-08-07T16:00:00,1233.0,2466.0,5160.0,0.6741573033707865,0.9180790960451978,0.8333333333333334,0.5660377358490566,1157.0,0.0,0.0,258.0
453,2018-08-07T17:00:00,1088.0,2176.0,5329.0,0.5168539325842696,0.8825136612021858,0.71875,0.40350877192982454,1228.0,0.0,6.0,226.0
454,2018-08-07T18:00:00,991.0,1982.0,5267.0,0.4666666666666667,0.9077809798270894,0.875,0.3181818181818182,1221.0,2.0,0.0,162.0
455,2018-08-07T19:00:00,973.0,1946.0,5229.0,0.5230769230769231,0.9098837209302325,0.8947368421052632,0.3695652173913043,1215.0,0.0,1.0,159.0
456,2018-08-07T20:00:00,882.0,1764.0,5084.0,0.33962264150943394,0.8945783132530121,0.8181818181818182,0.21428571428571427,1191.0,0.0,2.0,132.0
457,2018-08-07T21:00:00,2020.0,4040.0,5072.0,0.6382978723404255,0.948948948948949,0.7894736842105263,0.5357142857142857,1191.0,0.0,1.0,138.0
458,2018-08-07T22:00:00,2067.0,4134.0,4928.0,0.4,0.9112426035502958,0.7692307692307693,0.2702702702702703,1207.0,0.0,0.0,142.0
459,2018-08-07T23:00:00,1807.0,3614.0,4799.0,0.48387096774193555,0.9030303030303031,0.6818181818181818,0.375,1135.0,0.0,3.0,182.0
460,2018-08-08T00:00:00,2318.0,4636.0,4613.0,0.5714285714285713,0.878125,0.7647058823529411,0.45614035087719296,1089.0,0.0,4.0,186.0
461,2018-08-08T01:00:00,1669.0,3338.0,4306.0,0.7659574468085106,0.9292604501607717,0.9473684210526315,0.6428571428571429,1044.0,2.0,0.0,197.0
462,2018-08-08T02:00:00,1241.0,2482.0,4430.0,0.48000000000000004,0.9169329073482428,0.8,0.34285714285714286,1101.0,0.0,2.0,145.0
463,2018-08-08T03:00:00,1467.0,2934.0,4332.0,0.52,0.9186440677966101,0.8666666666666667,0.37142857142857144,1049.0,1.0,0.0,126.0
464,2018-08-08T04:00:00,1150.0,2300.0,3968.0,0.4799999999999999,0.9078014184397163,1.0,0.3157894736842105,1011.0,1.0,1.0,114.0
465,2018-08-08T05:00:00,951.0,1902.0,3571.0,0.4,0.9240506329113924,1.0,0.25,854.0,0.0,1.0,89.0
466,2018-08-08T06:00:00,576.0,1152.0,3043.0,0.3529411764705882,0.9427083333333334,0.75,0.23076923076923078,715.0,0.0,0.0,49.0
467,2018-08-08T07:00:00,382.0,764.0,3030.0,0.3157894736842105,0.9312169312169312,1.0,0.1875,712.0,0.0,1.0,39.0
468,2018-08-08T08:00:00,271.0,542.0,3000.0,0.9090909090909091,0.9886363636363636,1.0,0.8333333333333334,639.0,2.0,0.0,63.0
469,2018-08-08T09:00:00,234.0,468.0,2999.0,0.6666666666666666,0.9696969696969697,1.0,0.5,622.0,0.0,0.0,36.0
470,2018-08-08T10:00:00,243.0,486.0,3079.0,0.6666666666666665,0.9644970414201184,0.8571428571428571,0.5454545454545454,635.0,1.0,0.0,38.0
471,2018-08-08T11:00:00,352.0,704.0,3464.0,0.3333333333333333,0.9601990049751243,0.6666666666666666,0.2222222222222222,754.0,0.0,0.0,47.0
472,2018-08-08T12:00:00,630.0,1260.0,3928.0,0.5384615384615384,0.948936170212766,1.0,0.3684210526315789,866.0,0.0,0.0,73.0
473,2018-08-08T13:00:00,1204.0,2408.0,4365.0,0.6470588235294117,0.9178082191780822,0.9565217391304348,0.4888888888888889,1004.0,2.0,0.0,160.0
474,2018-08-08T14:00:00,1797.0,3594.0,4759.0,0.5909090909090908,0.9421221864951769,0.7222222222222222,0.5,1089.0,0.0,1.0,153.0
475,2018-08-08T15:00:00,1782.0,3564.0,5316.0,0.6516853932584269,0.9146005509641874,0.725,0.5918367346938775,1247.0,1.0,0.0,203.0
476,2018-08-08T16:00:00,1345.0,2690.0,5105.0,0.5333333333333333,0.9186046511627907,0.8,0.4,1229.0,1.0,0.0,143.0
477,2018-08-08T17:00:00,1220.0,2440.0,5150.0,0.6382978723404256,0.9511494252873564,0.8823529411764706,0.5,1253.0,0.0,2.0,134.0
478,2018-08-08T18:00:00,1025.0,2050.0,5140.0,0.368421052631579,0.9296187683284457,0.7777777777777778,0.2413793103448276,1212.0,0.0,0.0,150.0
479,2018-08-08T19:00:00,756.0,1512.0,5152.0,0.4102564102564102,0.9317507418397626,0.7272727272727273,0.2857142857142857,1248.0,0.0,1.0,97.0
480,2018-08-08T20:00:00,800.0,1600.0,4861.0,0.3555555555555555,0.9102167182662538,0.8888888888888888,0.2222222222222222,1177.0,0.0,1.0,114.0
481,2018-08-08T21:00:00,814.0,1628.0,5081.0,0.43243243243243246,0.9391304347826087,0.7272727272727273,0.3076923076923077,1263.0,1.0,0.0,112.0
482,2018-08-08T22:00:00,696.0,1392.0,4785.0,0.5652173913043479,0.9382716049382716,0.7647058823529411,0.4482758620689655,1176.0,0.0,0.0,118.0
483,2018-08-08T23:00:00,630.0,1260.0,4614.0,0.5714285714285714,0.9430379746835443,0.8571428571428571,0.42857142857142855,1137.0,0.0,1.0,123.0
484,2018-08-09T00:00:00,552.0,1104.0,4352.0,0.23076923076923078,0.9307958477508651,1.0,0.13043478260869565,1071.0,0.0,1.0,80.0
485,2018-08-09T01:00:00,965.0,1930.0,4226.0,0.3333333333333333,0.9428571428571428,0.8,0.21052631578947367,1024.0,0.0,1.0,92.0
486,2018-08-09T02:00:00,1063.0,2126.0,4077.0,0.5263157894736841,0.9381443298969072,0.6666666666666666,0.43478260869565216,1057.0,1.0,1.0,105.0
487,2018-08-09T03:00:00,1241.0,2482.0,4227.0,0.3783783783783784,0.9178571428571428,0.5384615384615384,0.2916666666666667,995.0,1.0,0.0,122.0
488,2018-08-09T04:00:00,953.0,1906.0,3914.0,0.14814814814814814,0.9135338345864662,0.3333333333333333,0.09523809523809523,967.0,2.0,1.0,92.0
489,2018-08-09T05:00:00,737.0,1474.0,3678.0,0.15384615384615383,0.9531914893617022,0.3333333333333333,0.1,874.0,0.0,0.0,63.0
490,2018-08-09T06:00:00,492.0,984.0,3139.0,0.7692307692307692,0.9850746268656716,0.8333333333333334,0.7142857142857143,741.0,0.0,0.0,62.0
491,2018-08-09T07:00:00,292.0,584.0,2940.0,0.0,0.9625668449197861,0.0,0.0,723.0,0.0,0.0,23.0
492,2018-08-09T08:00:00,194.0,388.0,3024.0,0.4,0.9832402234636871,1.0,0.25,699.0,0.0,0.0,14.0
493,2018-08-09T09:00:00,172.0,344.0,2917.0,0.0,0.9642857142857143,0.0,0.0,635.0,0.0,0.0,35.0
494,2018-08-09T10:00:00,246.0,492.0,2927.0,0.22222222222222224,0.9573170731707317,0.5,0.14285714285714285,619.0,0.0,0.0,33.0
495,2018-08-09T11:00:00,318.0,636.0,3339.0,0.0,0.93,0.0,0.0,757.0,0.0,0.0,43.0
496,2018-08-09T12:00:00,528.0,1056.0,3880.0,0.5,0.9393939393939394,0.7777777777777778,0.3684210526315789,835.0,0.0,1.0,85.0
497,2018-08-09T13:00:00,851.0,1702.0,4266.0,0.19999999999999998,0.9398496240601504,1.0,0.1111111111111111,944.0,0.0,1.0,116.0
498,2018-08-09T14:00:00,877.0,1754.0,4640.0,0.647887323943662,0.9211356466876972,1.0,0.4791666666666667,1113.0,0.0,3.0,148.0
499,2018-08-09T15:00:00,1505.0,3010.0,5252.0,0.6865671641791046,0.9436997319034852,0.92,0.5476190476190477,1232.0,1.0,0.0,255.0
500,2018-08-09T16:00:00,2645.0,5290.0,5604.0,0.6966292134831461,0.9343065693430657,0.9117647058823529,0.5636363636363636,1405.0,0.0,4.0,231.0
501,2018-08-09T17:00:00,2237.0,4474.0,5536.0,0.5405405405405405,0.9130434782608695,0.9090909090909091,0.38461538461538464,1355.0,0.0,2.0,203.0
502,2018-08-09T18:00:00,1743.0,3486.0,5355.0,0.5882352941176471,0.9245283018867925,0.8,0.46511627906976744,1282.0,0.0,0.0,202.0
503,2018-08-09T19:00:00,1612.0,3224.0,5311.0,0.4150943396226415,0.915068493150685,0.7857142857142857,0.28205128205128205,1266.0,0.0,1.0,189.0
504,2018-08-09T20:00:00,1210.0,2420.0,4909.0,0.6060606060606061,0.92,1.0,0.43478260869565216,1163.0,0.0,2.0,134.0
505,2018-08-09T21:00:00,1326.0,2652.0,5259.0,0.6292134831460674,0.9065155807365439,0.8484848484848485,0.5,1226.0,1.0,1.0,184.0
506,2018-08-09T22:00:00,1544.0,3088.0,4884.0,0.45614035087719296,0.9074626865671642,0.7222222222222222,0.3333333333333333,1160.0,0.0,2.0,176.0
507,2018-08-09T23:00:00,1187.0,2374.0,4573.0,0.40579710144927533,0.8660130718954249,0.7,0.2857142857142857,1078.0,0.0,0.0,146.0
508,2018-08-10T00:00:00,1067.0,2134.0,4451.0,0.4583333333333333,0.9161290322580645,0.6875,0.34375,1080.0,2.0,1.0,155.0
509,2018-08-10T01:00:00,1197.0,2394.0,4465.0,0.4186046511627907,0.9183006535947712,0.6428571428571429,0.3103448275862069,1071.0,0.0,0.0,150.0
510,2018-08-10T02:00:00,1059.0,2118.0,4373.0,0.37837837837837834,0.9230769230769231,0.6363636363636364,0.2692307692307692,1065.0,0.0,1.0,130.0
511,2018-08-10T03:00:00,801.0,1602.0,4406.0,0.3684210526315789,0.9256965944272446,1.0,0.22580645161290322,1210.0,0.0,2.0,78.0
512,2018-08-10T04:00:00,782.0,1564.0,3850.0,0.2777777777777778,0.9040590405904059,0.5,0.19230769230769232,984.0,1.0,0.0,96.0
513,2018-08-10T05:00:00,721.0,1442.0,3619.0,0.26666666666666666,0.9109311740890689,0.8,0.16,917.0,2.0,0.0,65.0
514,2018-08-10T06:00:00,378.0,756.0,3332.0,0.0,0.9617224880382775,0.0,0.0,796.0,0.0,1.0,35.0
515,2018-08-10T07:00:00,299.0,598.0,3027.0,0.7142857142857143,0.9786096256684492,0.8333333333333334,0.625,696.0,0.0,0.0,48.0
516,2018-08-10T08:00:00,235.0,470.0,3123.0,0.7499999999999999,0.989247311827957,1.0,0.6,706.0,0.0,1.0,34.0
517,2018-08-10T09:00:00,169.0,338.0,2756.0,0.5714285714285715,0.9617834394904459,1.0,0.4,599.0,0.0,1.0,25.0
518,2018-08-10T10:00:00,186.0,372.0,3104.0,0.36363636363636365,0.9583333333333334,0.5,0.2857142857142857,641.0,0.0,0.0,31.0
519,2018-08-10T11:00:00,344.0,688.0,3295.0,0.15384615384615385,0.9411764705882353,1.0,0.08333333333333333,703.0,0.0,0.0,41.0
520,2018-08-10T12:00:00,558.0,1116.0,3710.0,0.5185185185185185,0.9432314410480349,1.0,0.35,815.0,0.0,1.0,99.0
521,2018-08-10T13:00:00,648.0,1296.0,4297.0,0.4482758620689655,0.8814814814814815,0.8125,0.30952380952380953,967.0,0.0,0.0,109.0
522,2018-08-10T14:00:00,1010.0,2020.0,4829.0,0.523076923076923,0.9040247678018576,0.7727272727272727,0.3953488372093023,1101.0,0.0,3.0,187.0
523,2018-08-10T15:00:00,1457.0,2914.0,5269.0,0.6458333333333334,0.9088471849865952,0.8857142857142857,0.5081967213114754,1240.0,1.0,0.0,250.0
524,2018-08-10T16:00:00,916.0,1832.0,5350.0,0.4444444444444444,0.9186991869918699,0.9230769230769231,0.2926829268292683,1297.0,0.0,0.0,178.0
525,2018-08-10T17:00:00,835.0,1670.0,5401.0,0.6250000000000001,0.9197860962566845,0.7142857142857143,0.5555555555555556,1308.0,0.0,1.0,184.0
526,2018-08-10T18:00:00,903.0,1806.0,5060.0,0.4761904761904762,0.90625,0.7894736842105263,0.3409090909090909,1251.0,1.0,0.0,152.0
527,2018-08-10T19:00:00,848.0,1696.0,5331.0,0.5405405405405405,0.9515669515669516,0.7142857142857143,0.43478260869565216,1243.0,0.0,2.0,158.0
528,2018-08-10T20:00:00,657.0,1314.0,5016.0,0.5,0.9420289855072463,0.625,0.4166666666666667,1264.0,0.0,0.0,116.0
529,2018-08-10T21:00:00,757.0,1514.0,4929.0,0.6060606060606061,0.9246376811594202,0.9090909090909091,0.45454545454545453,1224.0,2.0,0.0,152.0
530,2018-08-10T22:00:00,766.0,1532.0,4532.0,0.4666666666666666,0.896774193548387,0.7777777777777778,0.3333333333333333,1092.0,0.0,0.0,144.0
531,2018-08-10T23:00:00,713.0,1426.0,4449.0,0.339622641509434,0.8833333333333333,0.75,0.21951219512195122,1052.0,4.0,0.0,140.0
532,2018-08-11T00:00:00,565.0,1130.0,4116.0,0.3333333333333333,0.9127272727272727,0.6666666666666666,0.2222222222222222,994.0,1.0,1.0,103.0
533,2018-08-11T01:00:00,537.0,1074.0,3983.0,0.3076923076923077,0.9323308270676691,0.8,0.19047619047619047,991.0,0.0,1.0,72.0
534,2018-08-11T02:00:00,512.0,1024.0,3816.0,0.5,0.9529411764705882,0.75,0.375,937.0,0.0,0.0,80.0
535,2018-08-11T03:00:00,521.0,1042.0,3660.0,0.4444444444444444,0.9387755102040817,0.8571428571428571,0.3,912.0,0.0,0.0,67.0
536,2018-08-11T04:00:00,491.0,982.0,3766.0,0.2857142857142857,0.91701244813278,1.0,0.16666666666666666,895.0,2.0,0.0,67.0
537,2018-08-11T05:00:00,256.0,512.0,3280.0,0.0,0.9805825242718447,0.0,0.0,784.0,0.0,2.0,36.0
538,2018-08-11T06:00:00,236.0,472.0,3014.0,0.4,0.9841269841269841,1.0,0.25,724.0,0.0,0.0,30.0
539,2018-08-11T07:00:00,127.0,254.0,2817.0,0.6,0.9770114942528736,1.0,0.42857142857142855,671.0,0.0,1.0,23.0
540,2018-08-11T08:00:00,156.0,312.0,2859.0,0.28571428571428575,0.9720670391061452,0.5,0.2,683.0,0.0,0.0,32.0
541,2018-08-11T09:00:00,137.0,274.0,2768.0,0.0,0.9171974522292994,0.0,0.0,611.0,0.0,1.0,16.0
542,2018-08-11T10:00:00,120.0,240.0,2747.0,0.2222222222222222,0.954248366013072,1.0,0.125,598.0,0.0,0.0,14.0
543,2018-08-11T11:00:00,129.0,258.0,3026.0,0.0,0.9774011299435028,0.0,0.0,680.0,0.0,0.0,24.0
544,2018-08-11T12:00:00,211.0,422.0,3182.0,0.28571428571428575,0.9484536082474226,0.5,0.2,726.0,0.0,0.0,50.0
545,2018-08-11T13:00:00,377.0,754.0,3614.0,0.2727272727272727,0.9295154185022027,1.0,0.15789473684210525,852.0,0.0,1.0,55.0
546,2018-08-11T14:00:00,591.0,1182.0,4136.0,0.42424242424242425,0.9296296296296296,1.0,0.2692307692307692,966.0,1.0,0.0,109.0
547,2018-08-11T15:00:00,695.0,1390.0,4309.0,0.5,0.9293286219081273,1.0,0.3333333333333333,1019.0,0.0,1.0,109.0
548,2018-08-11T16:00:00,535.0,1070.0,4781.0,0.5652173913043478,0.9356913183279743,0.8666666666666667,0.41935483870967744,1128.0,0.0,3.0,112.0
549,2018-08-11T17:00:00,677.0,1354.0,4851.0,0.5384615384615385,0.926605504587156,0.9333333333333333,0.3783783783783784,1161.0,0.0,0.0,144.0
550,2018-08-11T18:00:00,410.0,820.0,4541.0,0.65,0.9534883720930233,0.9285714285714286,0.5,1097.0,1.0,0.0,103.0
551,2018-08-11T19:00:00,760.0,1520.0,4587.0,0.35714285714285715,0.9411764705882353,0.8333333333333334,0.22727272727272727,1099.0,1.0,0.0,123.0
552,2018-08-11T20:00:00,471.0,942.0,4289.0,0.35294117647058826,0.9607142857142857,1.0,0.21428571428571427,1028.0,0.0,0.0,91.0
553,2018-08-11T21:00:00,383.0,766.0,4094.0,0.16666666666666669,0.9253731343283582,1.0,0.09090909090909091,1012.0,0.0,1.0,57.0
554,2018-08-11T22:00:00,457.0,914.0,3986.0,0.24999999999999997,0.9330855018587361,0.75,0.15,979.0,0.0,2.0,91.0
555,2018-08-11T23:00:00,421.0,842.0,3932.0,0.4615384615384615,0.9467680608365019,1.0,0.3,968.0,0.0,1.0,83.0
556,2018-08-12T00:00:00,511.0,1022.0,3556.0,0.4,0.9078947368421053,1.0,0.25,833.0,0.0,2.0,75.0
557,2018-08-12T01:00:00,524.0,1048.0,3864.0,0.24,0.9254901960784314,0.6,0.15,939.0,1.0,0.0,76.0
558,2018-08-12T02:00:00,412.0,824.0,3738.0,0.0,0.8949579831932774,0.0,0.0,884.0,0.0,0.0,67.0
559,2018-08-12T03:00:00,519.0,1038.0,3494.0,0.375,0.9555555555555556,1.0,0.23076923076923078,820.0,0.0,2.0,75.0
560,2018-08-12T04:00:00,381.0,762.0,3416.0,0.3076923076923077,0.92,1.0,0.18181818181818182,835.0,0.0,1.0,62.0
561,2018-08-12T05:00:00,268.0,536.0,3345.0,0.15384615384615385,0.9473684210526315,1.0,0.08333333333333333,796.0,0.0,0.0,40.0
562,2018-08-12T06:00:00,231.0,462.0,3006.0,0.15384615384615385,0.9405405405405406,1.0,0.08333333333333333,685.0,1.0,0.0,54.0
563,2018-08-12T07:00:00,146.0,292.0,2645.0,0.35294117647058826,0.9320987654320988,1.0,0.21428571428571427,617.0,0.0,0.0,29.0
564,2018-08-12T08:00:00,140.0,280.0,2942.0,0.25,0.9657142857142857,0.5,0.16666666666666666,672.0,0.0,0.0,25.0
565,2018-08-12T09:00:00,136.0,272.0,2697.0,0.25,0.9612903225806452,0.5,0.16666666666666666,588.0,0.0,0.0,28.0
566,2018-08-12T10:00:00,139.0,278.0,2842.0,0.0,0.9802631578947368,0.0,0.0,576.0,0.0,0.0,28.0
567,2018-08-12T11:00:00,148.0,296.0,2950.0,0.5333333333333333,0.96,1.0,0.36363636363636365,662.0,0.0,1.0,33.0
568,2018-08-12T12:00:00,167.0,334.0,2989.0,0.2666666666666667,0.9364161849710982,1.0,0.15384615384615385,651.0,0.0,0.0,40.0
569,2018-08-12T13:00:00,362.0,724.0,3533.0,0.25,0.8909090909090909,0.8,0.14814814814814814,803.0,0.0,0.0,77.0
570,2018-08-12T14:00:00,687.0,1374.0,4224.0,0.2702702702702703,0.9032258064516129,1.0,0.15625,1010.0,0.0,0.0,104.0
571,2018-08-12T15:00:00,981.0,1962.0,4393.0,0.5614035087719298,0.9161073825503355,0.8888888888888888,0.41025641025641024,1058.0,4.0,0.0,126.0
572,2018-08-12T16:00:00,1287.0,2574.0,4549.0,0.34285714285714286,0.9250814332247557,0.8571428571428571,0.21428571428571427,1099.0,1.0,1.0,124.0
573,2018-08-12T17:00:00,1467.0,2934.0,4550.0,0.5517241379310345,0.9182389937106918,0.8,0.42105263157894735,1123.0,3.0,0.0,143.0
574,2018-08-12T18:00:00,1016.0,2032.0,4630.0,0.5,0.9551282051282052,1.0,0.3333333333333333,1124.0,0.0,1.0,122.0
575,2018-08-12T19:00:00,747.0,1494.0,4277.0,0.37499999999999994,0.9283154121863799,0.5454545454545454,0.2857142857142857,1025.0,0.0,0.0,89.0
576,2018-08-12T20:00:00,608.0,1216.0,4416.0,0.35714285714285715,0.9375,0.7142857142857143,0.23809523809523808,1061.0,0.0,1.0,88.0
577,2018-08-12T21:00:00,556.0,1112.0,3879.0,0.5,0.9457364341085271,0.7777777777777778,0.3684210526315789,949.0,0.0,0.0,82.0
578,2018-08-12T22:00:00,676.0,1352.0,4185.0,0.45161290322580644,0.9407665505226481,1.0,0.2916666666666667,1071.0,0.0,2.0,73.0
579,2018-08-12T23:00:00,596.0,1192.0,4109.0,0.43750000000000006,0.9333333333333333,0.7777777777777778,0.30434782608695654,1006.0,0.0,0.0,71.0
580,2018-08-13T00:00:00,614.0,1228.0,3854.0,0.5714285714285714,0.953307392996109,0.8,0.4444444444444444,930.0,0.0,2.0,95.0
581,2018-08-13T01:00:00,1794.0,3588.0,4084.0,0.676056338028169,0.9201388888888888,0.9230769230769231,0.5333333333333333,960.0,1.0,0.0,188.0
582,2018-08-13T02:00:00,1437.0,2874.0,4155.0,0.5806451612903226,0.9097222222222222,0.8181818181818182,0.45,1010.0,0.0,1.0,140.0
583,2018-08-13T03:00:00,1351.0,2702.0,4020.0,0.6545454545454545,0.9337979094076655,0.8181818181818182,0.5454545454545454,1019.0,0.0,1.0,126.0
584,2018-08-13T04:00:00,1226.0,2452.0,3665.0,0.42105263157894735,0.9133858267716536,0.7272727272727273,0.2962962962962963,929.0,0.0,0.0,85.0
585,2018-08-13T05:00:00,759.0,1518.0,3375.0,0.4,0.9590909090909091,1.0,0.25,823.0,0.0,0.0,57.0
586,2018-08-13T06:00:00,535.0,1070.0,3164.0,0.15384615384615385,0.9455445544554455,1.0,0.08333333333333333,761.0,0.0,2.0,43.0
587,2018-08-13T07:00:00,360.0,720.0,2618.0,0.33333333333333337,0.9741935483870968,1.0,0.2,596.0,0.0,0.0,24.0
588,2018-08-13T08:00:00,248.0,496.0,2721.0,0.33333333333333337,0.9748427672955975,1.0,0.2,614.0,0.0,0.0,21.0
589,2018-08-13T09:00:00,352.0,704.0,2581.0,0.5217391304347826,0.9261744966442953,1.0,0.35294117647058826,550.0,0.0,1.0,44.0
590,2018-08-13T10:00:00,392.0,784.0,2817.0,0.625,0.9620253164556962,0.8333333333333334,0.5,580.0,0.0,2.0,47.0
591,2018-08-13T11:00:00,536.0,1072.0,3149.0,0.125,0.9226519337016574,1.0,0.06666666666666667,666.0,0.0,0.0,55.0
592,2018-08-13T12:00:00,701.0,1402.0,3660.0,0.27586206896551724,0.9074889867841409,0.5,0.19047619047619047,837.0,0.0,2.0,67.0
593,2018-08-13T13:00:00,1137.0,2274.0,4165.0,0.5454545454545454,0.9215686274509803,0.8,0.41379310344827586,916.0,0.0,1.0,103.0
594,2018-08-13T14:00:00,1430.0,2860.0,4596.0,0.5652173913043478,0.9312714776632303,0.6842105263157895,0.48148148148148145,1034.0,0.0,1.0,129.0
595,2018-08-13T15:00:00,1356.0,2712.0,4727.0,0.5238095238095238,0.9363057324840764,0.7333333333333333,0.4074074074074074,1122.0,0.0,1.0,131.0
596,2018-08-13T16:00:00,1058.0,2116.0,4943.0,0.4615384615384615,0.9378698224852071,1.0,0.3,1245.0,0.0,1.0,106.0
597,2018-08-13T17:00:00,1105.0,2210.0,4941.0,0.5573770491803278,0.9196428571428571,0.9444444444444444,0.3953488372093023,1182.0,0.0,3.0,159.0
598,2018-08-13T18:00:00,967.0,1934.0,4714.0,0.4090909090909091,0.9163987138263665,0.75,0.28125,1118.0,1.0,0.0,122.0
599,2018-08-13T19:00:00,854.0,1708.0,4678.0,0.3448275862068966,0.9368770764119602,1.0,0.20833333333333334,1120.0,0.0,0.0,81.0
600,2018-08-13T20:00:00,737.0,1474.0,4650.0,0.3529411764705882,0.9290322580645162,0.6666666666666666,0.24,1157.0,1.0,0.0,78.0
601,2018-08-13T21:00:00,951.0,1902.0,4651.0,0.4864864864864865,0.9366666666666666,0.8181818181818182,0.34615384615384615,1088.0,0.0,1.0,110.0
602,2018-08-13T22:00:00,986.0,1972.0,4733.0,0.3333333333333333,0.9380804953560371,0.625,0.22727272727272727,1163.0,0.0,2.0,126.0
603,2018-08-13T23:00:00,856.0,1712.0,4262.0,0.380952380952381,0.9550173010380623,0.4444444444444444,0.3333333333333333,1058.0,0.0,0.0,96.0
604,2018-08-14T00:00:00,1079.0,2158.0,4274.0,0.7164179104477612,0.9372937293729373,0.96,0.5714285714285714,1053.0,0.0,1.0,157.0
605,2018-08-14T01:00:00,928.0,1856.0,4168.0,0.5499999999999999,0.9389830508474576,0.7333333333333333,0.44,1074.0,0.0,0.0,103.0
606,2018-08-14T02:00:00,786.0,1572.0,4222.0,0.31578947368421056,0.9106529209621993,0.75,0.2,1062.0,0.0,0.0,98.0
607,2018-08-14T03:00:00,814.0,1628.0,3983.0,0.5000000000000001,0.927007299270073,0.9090909090909091,0.3448275862068966,988.0,0.0,3.0,104.0
608,2018-08-14T04:00:00,645.0,1290.0,3736.0,0.3478260869565218,0.9423076923076923,0.6666666666666666,0.23529411764705882,972.0,0.0,2.0,66.0
609,2018-08-14T05:00:00,423.0,846.0,3468.0,0.6666666666666666,0.9782608695652174,1.0,0.5,868.0,0.0,0.0,51.0
610,2018-08-14T06:00:00,279.0,558.0,3095.0,0.15384615384615385,0.9430051813471503,1.0,0.08333333333333333,730.0,0.0,0.0,38.0
611,2018-08-14T07:00:00,194.0,388.0,2934.0,0.0,0.96,0.0,0.0,677.0,0.0,1.0,22.0
612,2018-08-14T08:00:00,149.0,298.0,2960.0,0.47058823529411764,0.9476744186046512,1.0,0.3076923076923077,649.0,0.0,0.0,39.0
613,2018-08-14T09:00:00,128.0,256.0,2739.0,0.0,0.9591836734693877,0.0,0.0,568.0,0.0,0.0,20.0
614,2018-08-14T10:00:00,144.0,288.0,2989.0,0.2857142857142857,0.9725274725274725,1.0,0.16666666666666666,708.0,0.0,0.0,19.0
615,2018-08-14T11:00:00,252.0,504.0,3168.0,0.4444444444444445,0.9731182795698925,1.0,0.2857142857142857,715.0,0.0,2.0,25.0
616,2018-08-14T12:00:00,503.0,1006.0,3536.0,0.10526315789473684,0.9198113207547169,0.5,0.058823529411764705,801.0,0.0,0.0,46.0
617,2018-08-14T13:00:00,568.0,1136.0,4238.0,0.4117647058823529,0.9250936329588015,0.7777777777777778,0.28,986.0,2.0,0.0,77.0
618,2018-08-14T14:00:00,716.0,1432.0,4344.0,0.5263157894736842,0.9366197183098591,0.8333333333333334,0.38461538461538464,1035.0,0.0,1.0,100.0
619,2018-08-14T15:00:00,1107.0,2214.0,4765.0,0.4878048780487804,0.932258064516129,0.9090909090909091,0.3333333333333333,1126.0,0.0,1.0,113.0
620,2018-08-14T16:00:00,1250.0,2500.0,5133.0,0.3529411764705882,0.936046511627907,0.5454545454545454,0.2608695652173913,1240.0,0.0,0.0,135.0
621,2018-08-14T17:00:00,1291.0,2582.0,4843.0,0.3333333333333333,0.9135802469135802,0.7,0.21875,1152.0,0.0,2.0,140.0
622,2018-08-14T18:00:00,966.0,1932.0,4858.0,0.5,0.9447852760736196,0.9,0.34615384615384615,1181.0,0.0,1.0,119.0
623,2018-08-14T19:00:00,724.0,1448.0,5001.0,0.18750000000000003,0.9212121212121213,0.6,0.1111111111111111,1231.0,0.0,2.0,84.0
624,2018-08-14T20:00:00,841.0,1682.0,4932.0,0.358974358974359,0.9233128834355828,0.875,0.22580645161290322,1216.0,0.0,0.0,84.0
625,2018-08-14T21:00:00,945.0,1890.0,4773.0,0.3225806451612903,0.9357798165137615,0.7142857142857143,0.20833333333333334,1200.0,0.0,1.0,103.0
626,2018-08-14T22:00:00,1234.0,2468.0,4677.0,0.5142857142857143,0.9462025316455697,0.9,0.36,1100.0,0.0,2.0,160.0
627,2018-08-14T23:00:00,991.0,1982.0,4386.0,0.1875,0.9112627986348123,0.375,0.125,1066.0,1.0,0.0,102.0
628,2018-08-15T00:00:00,1363.0,2726.0,4342.0,0.2702702702702703,0.9059233449477352,0.7142857142857143,0.16666666666666666,1029.0,0.0,1.0,116.0
629,2018-08-15T01:00:00,1403.0,2806.0,4263.0,0.5263157894736843,0.9065743944636678,0.7894736842105263,0.39473684210526316,1046.0,0.0,2.0,107.0
630,2018-08-15T02:00:00,1303.0,2606.0,4188.0,0.4705882352941177,0.9393939393939394,0.6666666666666666,0.36363636363636365,1076.0,1.0,1.0,106.0
631,2018-08-15T03:00:00,1535.0,3070.0,4041.0,0.25806451612903225,0.9181494661921709,0.5714285714285714,0.16666666666666666,1029.0,0.0,2.0,89.0
632,2018-08-15T04:00:00,1264.0,2528.0,3960.0,0.3529411764705882,0.9588014981273408,0.75,0.23076923076923078,990.0,0.0,0.0,75.0
633,2018-08-15T05:00:00,924.0,1848.0,3655.0,0.4761904761904762,0.9539748953974896,0.7142857142857143,0.35714285714285715,882.0,0.0,0.0,70.0
634,2018-08-15T06:00:00,535.0,1070.0,3154.0,0.0,0.9547738693467337,0.0,0.0,739.0,0.0,1.0,53.0
635,2018-08-15T07:00:00,397.0,794.0,2885.0,0.0,0.9588235294117647,0.0,0.0,658.0,0.0,0.0,21.0
636,2018-08-15T08:00:00,273.0,546.0,3192.0,0.0,0.9508196721311475,0.0,0.0,705.0,0.0,1.0,24.0
637,2018-08-15T09:00:00,264.0,528.0,2796.0,0.25,0.9620253164556962,1.0,0.14285714285714285,615.0,0.0,0.0,16.0
638,2018-08-15T10:00:00,268.0,536.0,3030.0,0.2857142857142857,0.9700598802395209,1.0,0.16666666666666666,641.0,0.0,0.0,24.0
639,2018-08-15T11:00:00,404.0,808.0,3102.0,0.39999999999999997,0.9491525423728814,0.75,0.2727272727272727,669.0,0.0,0.0,37.0
640,2018-08-15T12:00:00,586.0,1172.0,3559.0,0.28571428571428575,0.9509803921568627,0.6666666666666666,0.18181818181818182,774.0,0.0,0.0,41.0
641,2018-08-15T13:00:00,649.0,1298.0,4199.0,0.2608695652173913,0.9325396825396826,1.0,0.15,927.0,0.0,0.0,81.0
642,2018-08-15T14:00:00,612.0,1224.0,4287.0,0.19999999999999998,0.9710144927536232,1.0,0.1111111111111111,1027.0,0.0,1.0,76.0
643,2018-08-15T15:00:00,761.0,1522.0,4895.0,0.42105263157894735,0.9331306990881459,0.8888888888888888,0.27586206896551724,1214.0,0.0,1.0,100.0
644,2018-08-15T16:00:00,651.0,1302.0,5231.0,0.31578947368421056,0.9255014326647565,0.75,0.2,1285.0,0.0,1.0,106.0
645,2018-08-15T17:00:00,631.0,1262.0,5085.0,0.3636363636363636,0.9143730886850153,0.8888888888888888,0.22857142857142856,1195.0,0.0,1.0,110.0
646,2018-08-15T18:00:00,837.0,1674.0,4940.0,0.3902439024390244,0.9237804878048781,0.6666666666666666,0.27586206896551724,1201.0,0.0,0.0,109.0
647,2018-08-15T19:00:00,593.0,1186.0,4741.0,0.2222222222222222,0.932258064516129,1.0,0.125,1120.0,0.0,1.0,116.0
648,2018-08-15T20:00:00,583.0,1166.0,4978.0,0.5172413793103449,0.9174041297935103,0.9375,0.35714285714285715,1244.0,0.0,3.0,105.0
649,2018-08-15T21:00:00,588.0,1176.0,4879.0,0.6111111111111112,0.9580838323353293,1.0,0.44,1206.0,0.0,0.0,127.0
650,2018-08-15T22:00:00,696.0,1392.0,4708.0,0.4666666666666667,0.9506172839506173,0.875,0.3181818181818182,1181.0,0.0,1.0,111.0
651,2018-08-15T23:00:00,860.0,1720.0,4484.0,0.3478260869565218,0.8979591836734694,0.8,0.2222222222222222,1089.0,0.0,1.0,85.0
652,2018-08-16T00:00:00,736.0,1472.0,4100.0,0.5161290322580644,0.9444444444444444,0.8888888888888888,0.36363636363636365,987.0,1.0,3.0,87.0
653,2018-08-16T01:00:00,746.0,1492.0,4186.0,0.5161290322580645,0.9469964664310954,1.0,0.34782608695652173,1031.0,1.0,1.0,98.0
654,2018-08-16T02:00:00,668.0,1336.0,4316.0,0.21428571428571425,0.9266666666666666,1.0,0.12,1112.0,0.0,3.0,84.0
655,2018-08-16T03:00:00,897.0,1794.0,4221.0,0.5217391304347827,0.9642857142857143,0.75,0.4,1140.0,0.0,0.0,92.0
656,2018-08-16T04:00:00,630.0,1260.0,3844.0,0.2727272727272727,0.9391634980988594,0.6,0.17647058823529413,967.0,0.0,2.0,81.0
657,2018-08-16T05:00:00,518.0,1036.0,3431.0,0.2222222222222222,0.9348837209302325,0.6666666666666666,0.13333333333333333,799.0,0.0,1.0,56.0
658,2018-08-16T06:00:00,348.0,696.0,3034.0,0.0,0.9631578947368421,0.0,0.0,727.0,0.0,0.0,30.0
659,2018-08-16T07:00:00,205.0,410.0,2964.0,0.0,0.96045197740113,0.0,0.0,682.0,0.0,1.0,22.0
660,2018-08-16T08:00:00,199.0,398.0,3219.0,0.5714285714285715,0.9840425531914894,1.0,0.4,726.0,0.0,0.0,23.0
661,2018-08-16T09:00:00,159.0,318.0,2918.0,0.0,0.9760479041916168,0.0,0.0,644.0,0.0,0.0,20.0
662,2018-08-16T10:00:00,183.0,366.0,2866.0,0.0,0.9702380952380952,0.0,0.0,642.0,0.0,0.0,28.0
663,2018-08-16T11:00:00,229.0,458.0,3246.0,0.0,0.9680851063829787,0.0,0.0,715.0,0.0,0.0,35.0
664,2018-08-16T12:00:00,394.0,788.0,3682.0,0.5333333333333333,0.9380530973451328,1.0,0.36363636363636365,836.0,0.0,0.0,68.0
665,2018-08-16T13:00:00,444.0,888.0,4079.0,0.631578947368421,0.9457364341085271,0.9230769230769231,0.48,937.0,0.0,0.0,94.0
666,2018-08-16T14:00:00,456.0,912.0,4628.0,0.32,0.9446254071661238,0.6666666666666666,0.21052631578947367,1141.0,2.0,0.0,81.0
667,2018-08-16T15:00:00,518.0,1036.0,4631.0,0.3076923076923077,0.9451219512195121,0.8,0.19047619047619047,1215.0,0.0,1.0,92.0
668,2018-08-16T16:00:00,502.0,1004.0,5125.0,0.3571428571428571,0.9501385041551247,1.0,0.21739130434782608,1345.0,0.0,1.0,95.0
669,2018-08-16T17:00:00,497.0,994.0,4968.0,0.5957446808510638,0.9446064139941691,0.7777777777777778,0.4827586206896552,1241.0,0.0,0.0,131.0
670,2018-08-16T18:00:00,506.0,1012.0,4960.0,0.4444444444444445,0.9388379204892966,1.0,0.2857142857142857,1220.0,0.0,2.0,86.0
671,2018-08-16T19:00:00,413.0,826.0,4716.0,0.22222222222222218,0.9315960912052117,0.75,0.13043478260869565,1138.0,0.0,0.0,90.0
672,2018-08-16T20:00:00,452.0,904.0,4714.0,0.2962962962962963,0.941358024691358,0.6666666666666666,0.19047619047619047,1191.0,0.0,2.0,101.0
673,2018-08-16T21:00:00,598.0,1196.0,4958.0,0.2222222222222222,0.9355828220858896,1.0,0.125,1210.0,0.0,1.0,92.0
674,2018-08-16T22:00:00,592.0,1184.0,4719.0,0.45454545454545453,0.9609120521172638,0.8333333333333334,0.3125,1122.0,0.0,0.0,103.0
675,2018-08-16T23:00:00,674.0,1348.0,4091.0,0.5777777777777777,0.9335664335664335,0.7222222222222222,0.48148148148148145,1034.0,0.0,2.0,108.0
676,2018-08-17T00:00:00,814.0,1628.0,4239.0,0.2285714285714286,0.9078498293515358,0.6666666666666666,0.13793103448275862,1069.0,1.0,0.0,101.0
677,2018-08-17T01:00:00,781.0,1562.0,4278.0,0.4814814814814815,0.9072847682119205,0.7222222222222222,0.3611111111111111,1102.0,1.0,0.0,105.0
678,2018-08-17T02:00:00,699.0,1398.0,4158.0,0.08,0.9212328767123288,0.25,0.047619047619047616,1063.0,0.0,1.0,100.0
679,2018-08-17T03:00:00,594.0,1188.0,4172.0,0.2857142857142857,0.9300699300699301,0.8,0.17391304347826086,1055.0,0.0,0.0,87.0
680,2018-08-17T04:00:00,581.0,1162.0,3837.0,0.6341463414634146,0.9404761904761905,0.7647058823529411,0.5416666666666666,900.0,1.0,0.0,106.0
681,2018-08-17T05:00:00,388.0,776.0,3553.0,0.16666666666666669,0.9606299212598425,1.0,0.09090909090909091,962.0,1.0,0.0,52.0
682,2018-08-17T06:00:00,256.0,512.0,3304.0,0.25,0.9452054794520548,0.6666666666666666,0.15384615384615385,815.0,0.0,2.0,56.0
683,2018-08-17T07:00:00,158.0,316.0,2838.0,0.0,0.9529411764705882,0.0,0.0,654.0,0.0,1.0,23.0
684,2018-08-17T08:00:00,135.0,270.0,3122.0,0.4,0.9832402234636871,1.0,0.25,680.0,0.0,0.0,34.0
685,2018-08-17T09:00:00,101.0,202.0,2906.0,0.0,0.9681528662420382,0.0,0.0,601.0,0.0,1.0,23.0
686,2018-08-17T10:00:00,151.0,302.0,3061.0,0.0,0.9428571428571428,0.0,0.0,664.0,0.0,0.0,34.0
687,2018-08-17T11:00:00,273.0,546.0,3157.0,0.30769230769230765,0.9508196721311475,0.6666666666666666,0.2,699.0,0.0,0.0,31.0
688,2018-08-17T12:00:00,297.0,594.0,3786.0,0.35294117647058826,0.9521739130434783,1.0,0.21428571428571427,860.0,0.0,1.0,57.0
689,2018-08-17T13:00:00,350.0,700.0,4220.0,0.0,0.92578125,0.0,0.0,957.0,0.0,2.0,65.0
690,2018-08-17T14:00:00,389.0,778.0,4595.0,0.1,0.9387755102040817,1.0,0.05263157894736842,1092.0,0.0,0.0,82.0
691,2018-08-17T15:00:00,566.0,1132.0,4879.0,0.42424242424242425,0.9411764705882353,0.7777777777777778,0.2916666666666667,1175.0,0.0,0.0,115.0
692,2018-08-17T16:00:00,644.0,1288.0,4942.0,0.37209302325581395,0.9171779141104295,0.7272727272727273,0.25,1163.0,0.0,0.0,139.0
